"","uid","x","y","z","t","dow","timestamp","distance","dt","speed"
"5","614820f9e6",717271.160276031,9676865.48856045,2617.3,6.65861,3,1685428771,0.33448673222574,7.32361111111111,0.0456723776223275
"6","614820f9e6",717304.872480682,9676851.24021825,2617.3,6.65944,3,1685428774,0.0365995628113789,0.000833333333333333,43.9194753736547
"7","614820f9e6",717338.828222549,9676842.75358113,2617.3,6.66056,3,1685428778,0.03500022021806,0.00111111111111111,31.500198196254
"8","614820f9e6",717375.946932967,9676830.7444166,2617.3,6.66167,3,1685428782,0.0390130580165849,0.00111111111111111,35.1117522149264
"9","614820f9e6",717408.750963736,9676818.5879113,2617.3,6.6625,3,1685428785,0.0349840685987584,0.000833333333333333,41.98088231851
"10","614820f9e6",717440.068470051,9676808.44686194,2617.3,6.66333,3,1685428788,0.0329184915214401,0.000833333333333333,39.5021898257281
"11","614820f9e6",717469.628383569,9676797.91071013,2617.3,6.66417,3,1685428791,0.0313815070086928,0.000833333333333333,37.6578084104313
"12","614820f9e6",717502.807838557,9676784.23832363,2617.3,6.66528,3,1685428795,0.0358860750994257,0.00111111111111111,32.2974675894831
"13","614820f9e6",717536.466051308,9676770.91900246,2617.3,6.66639,3,1685428799,0.0361977844877457,0.00111111111111111,32.5780060389711
"14","614820f9e6",717570.86914143,9676757.52095079,2617.3,6.6675,3,1685428803,0.0369199187236144,0.00111111111111111,33.227926851253
"15","614820f9e6",717602.141085383,9676746.76057261,2617.3,6.66861,3,1685428807,0.0330714411111331,0.00111111111111111,29.7642970000198
"16","614820f9e6",717631.891048333,9676736.81020109,2617.3,6.67,3,1685428812,0.0313698930348388,0.00138888888888889,22.5863229850839
"17","614820f9e6",717652.947441707,9676734.3845772,2617.3,6.67083,3,1685428815,0.0211956446731508,0.000833333333333333,25.434773607781
"18","614820f9e6",717672.139435751,9676727.70417854,2617.3,6.67194,3,1685428819,0.0203214261731451,0.00111111111111111,18.2892835558305
"19","614820f9e6",717690.483271859,9676719.26674682,2617.3,6.67306,3,1685428823,0.0201912500159817,0.00111111111111111,18.1721250143835
"20","614820f9e6",717710.755044726,9676713.25910402,2617.3,6.67417,3,1685428827,0.021143238804604,0.00111111111111111,19.0289149241436
"21","614820f9e6",717731.74621723,9676705.3147369,2617.3,6.675,3,1685428830,0.0224442039724692,0.000833333333333333,26.933044766963
"22","614820f9e6",717752.194688424,9676698.61000885,2617.3,6.67583,3,1685428833,0.0215196039104931,0.000833333333333333,25.8235246925917
"23","614820f9e6",717774.276837114,9676691.38261511,2617.3,6.67722,3,1685428838,0.0232348124810395,0.00138888888888889,16.7290649863485
"24","614820f9e6",717796.265319987,9676681.45678712,2617.3,6.67861,3,1685428843,0.0241249961712084,0.00138888888888889,17.3699972432701
"25","614820f9e6",717816.92537173,9676674.92863117,2617.3,6.67972,3,1685428847,0.0216669000602463,0.00111111111111111,19.5002100542217
"26","614820f9e6",717841.0417157,9676667.29951735,2617.3,6.68139,3,1685428853,0.0252942962769637,0.00166666666666667,15.1765777661782
"27","614820f9e6",717860.090097262,9676661.16125723,2604.4,6.68389,3,1685428862,0.0200129727283406,0.0025,8.00518909133623
"28","614820f9e6",717869.991583041,9676657.64907469,2604.4,6.70333,3,1685428932,0.0105059434040928,0.0194444444444444,0.540305660781917
"29","614820f9e6",717876.741039359,9676644.80791512,2604.4,6.70444,3,1685428936,0.0145069135193245,0.00111111111111111,13.056222167392
"30","614820f9e6",717877.746162404,9676621.82387851,2604.4,6.70528,3,1685428939,0.0230060038077879,0.000833333333333333,27.6072045693455
"31","614820f9e6",717866.372518673,9676597.35731997,2604.4,6.70611,3,1685428942,0.026980961034313,0.000833333333333333,32.3771532411756
"32","614820f9e6",717845.09166518,9676573.11819639,2604.4,6.70722,3,1685428946,0.0322553846234945,0.00111111111111111,29.0298461611451
"33","614820f9e6",717834.619973903,9676555.73940296,2608.3,6.72694,3,1685429017,0.0202898688870402,0.0197222222222222,1.02878208441331
"34","614820f9e6",717833.306787199,9676529.6516133,2604,6.72833,3,1685429022,0.0261208198279984,0.00138888888888889,18.8069902761588
"35","614820f9e6",717853.63302018,9676510.2725197,2604,6.72917,3,1685429025,0.0280838924648018,0.000833333333333333,33.7006709577622
"36","614820f9e6",717895.719573423,9676490.42407935,2604,6.73,3,1685429028,0.0465321238300172,0.000833333333333333,55.8385485960206
"37","614820f9e6",717943.331981094,9676489.32340349,2604,6.73083,3,1685429031,0.0476251283625818,0.000833333333333333,57.1501540350981
"38","614820f9e6",717995.488263911,9676504.98144927,2604,6.73167,3,1685429034,0.0544559660168404,0.000833333333333333,65.3471592202084
"39","614820f9e6",718055.509670254,9676516.27922664,2604,6.7325,3,1685429037,0.0610754369047487,0.000833333333333333,73.2905242856984
"40","614820f9e6",718122.551882926,9676536.37938737,2604,6.73361,3,1685429041,0.0699905332278074,0.00111111111111111,62.9914799050267
"41","614820f9e6",718186.229955993,9676553.02368358,2604,6.73444,3,1685429044,0.0658173957673525,0.000833333333333333,78.980874920823
"42","614820f9e6",718253.155349749,9676569.86135582,2604,6.73528,3,1685429047,0.069010981270443,0.000833333333333333,82.8131775245316
"43","614820f9e6",718324.317950037,9676587.02338611,2604,6.73611,3,1685429050,0.0732028070732786,0.000833333333333333,87.8433684879343
"44","614820f9e6",718393.739358806,9676606.78749855,2604,6.73694,3,1685429053,0.0721799981705274,0.000833333333333333,86.6159978046329
"45","614820f9e6",718468.458888844,9676623.11376121,2604,6.73778,3,1685429056,0.0764823837342181,0.000833333333333333,91.7788604810617
"46","614820f9e6",718541.765379024,9676638.93371371,2604,6.73861,3,1685429059,0.0749940824308706,0.000833333333333333,89.9928989170447
"47","614820f9e6",718616.60391166,9676653.31317146,2604,6.73944,3,1685429062,0.0762074456477848,0.000833333333333333,91.4489347773418
"48","614820f9e6",718693.334285616,9676662.17041258,2604,6.74028,3,1685429065,0.0772398925918731,0.000833333333333333,92.6878711102477
"49","614820f9e6",718771.473140788,9676668.8795321,2604,6.74111,3,1685429068,0.0784263538129623,0.000833333333333333,94.1116245755547
"50","614820f9e6",718849.916155401,9676671.46274494,2604,6.74194,3,1685429071,0.0784855370764361,0.000833333333333333,94.1826444917233
"51","614820f9e6",718922.969726015,9676676.0903798,2604,6.74278,3,1685429074,0.0731999944253404,0.000833333333333333,87.8399933104085
"52","614820f9e6",718986.669550789,9676685.86616808,2604,6.74361,3,1685429077,0.064445587225248,0.000833333333333333,77.3347046702975
"53","614820f9e6",719043.865391939,9676696.2284575,2604,6.74444,3,1685429080,0.0581269411438389,0.000833333333333333,69.7523293726067
"54","614820f9e6",719100.089118097,9676722.90575878,2604,6.74556,3,1685429084,0.0622317104582721,0.00111111111111111,56.0085394124449
"55","614820f9e6",719138.754443035,9676736.70698683,2604,6.74639,3,1685429087,0.0410546129987631,0.000833333333333333,49.2655355985157
"56","614820f9e6",719167.409149824,9676748.87785939,2604,6.74889,3,1685429096,0.0311323362436565,0.0025,12.4529344974626
"57","614820f9e6",719179.717952671,9676748.44703528,2604,6.74972,3,1685429099,0.0123163402413354,0.000833333333333333,14.7796082896024
"58","614820f9e6",719200.386302007,9676752.92318299,2583.5,6.75167,3,1685429106,0.0211474954213727,0.00194444444444444,10.8758547881345
"59","614820f9e6",719209.61374957,9676758.1493689,2583.5,6.75389,3,1685429114,0.0106046597145135,0.00222222222222222,4.77209687153109
"60","614820f9e6",719221.991585245,9676759.03454672,2583.5,6.75528,3,1685429119,0.0124094462308079,0.00138888888888889,8.93480128618168
"61","614820f9e6",719245.351196567,9676757.33454503,2585.5,6.75639,3,1685429123,0.023421388661822,0.00111111111111111,21.0792497956398
"62","614820f9e6",719266.922050713,9676769.16392739,2585.5,6.75722,3,1685429126,0.0246015453939469,0.000833333333333333,29.5218544727363
"63","614820f9e6",719299.0977176,9676785.36546121,2585.5,6.75806,3,1685429129,0.0360244810878897,0.000833333333333333,43.2293773054676
"64","614820f9e6",719332.339161782,9676800.58078966,2585.5,6.75889,3,1685429132,0.0365581705096724,0.000833333333333333,43.8698046116069
"65","614820f9e6",719374.827415528,9676813.03701593,2585.5,6.75972,3,1685429135,0.044276509340636,0.000833333333333333,53.1318112087632
"66","614820f9e6",719419.871767996,9676824.65924974,2585.5,6.76056,3,1685429138,0.0465195658614721,0.000833333333333333,55.8234790337666
"67","614820f9e6",719463.901694624,9676841.16067308,2585.5,6.76139,3,1685429141,0.047020542437009,0.000833333333333333,56.4246509244108
"68","614820f9e6",719512.54868706,9676858.99222239,2585.5,6.76222,3,1685429144,0.05181210306463,0.000833333333333333,62.174523677556
"69","614820f9e6",719560.977993876,9676873.16331497,2585.5,6.76306,3,1685429147,0.050460059687094,0.000833333333333333,60.5520716245128
"70","614820f9e6",719606.970542299,9676886.45388772,2585.5,6.76389,3,1685429150,0.0478743546629155,0.000833333333333333,57.4492255954986
"71","614820f9e6",719656.706992198,9676904.08441288,2585.5,6.76472,3,1685429153,0.052768834229708,0.000833333333333333,63.3226010756496
"72","614820f9e6",719715.576856547,9676924.01038616,2585.5,6.76556,3,1685429156,0.062150666445369,0.000833333333333333,74.5807997344428
"73","614820f9e6",719777.514750991,9676937.0074358,2585.5,6.76639,3,1685429159,0.0632868554099142,0.000833333333333333,75.944226491897
"74","614820f9e6",719842.157182835,9676945.04485743,2585.5,6.76722,3,1685429162,0.0651401883711525,0.000833333333333333,78.168226045383
"75","614820f9e6",719910.082805009,9676948.36494181,2585.5,6.76806,3,1685429165,0.0680067136986804,0.000833333333333333,81.6080564384165
"76","614820f9e6",719976.878016253,9676947.51738715,2585.5,6.76889,3,1685429168,0.0668005882762057,0.000833333333333333,80.1607059314468
"77","614820f9e6",720045.945091751,9676942.28605903,2585.5,6.76972,3,1685429171,0.0692649096711194,0.000833333333333333,83.1178916053433
"78","614820f9e6",720117.669933114,9676937.11636543,2585.5,6.77056,3,1685429174,0.0719109073824149,0.000833333333333333,86.2930888588978
"79","614820f9e6",720195.969306252,9676946.09177041,2585.5,6.77167,3,1685429178,0.0788121166343458,0.00111111111111111,70.9309049709112
"80","614820f9e6",720267.27471194,9676942.65914005,2585.5,6.7725,3,1685429181,0.0713879810015275,0.000833333333333333,85.665577201833
"81","614820f9e6",720326.681817138,9676951.77838124,2585.5,6.77333,3,1685429184,0.0601029509072384,0.000833333333333333,72.123541088686
"82","614820f9e6",720388.666949485,9676959.8755361,2585.5,6.77417,3,1685429187,0.0625117632848265,0.000833333333333333,75.0141159417917
"83","614820f9e6",720456.74287746,9676966.32504363,2585.5,6.775,3,1685429190,0.0683807583832145,0.000833333333333333,82.0569100598573
"84","614820f9e6",720530.207133251,9676976.33737732,2585.5,6.77583,3,1685429193,0.0741433996049726,0.000833333333333333,88.9720795259672
"85","614820f9e6",720597.737527384,9676988.67168703,2585.5,6.77667,3,1685429196,0.0686475733564628,0.000833333333333333,82.3770880277554
"86","614820f9e6",720666.600409721,9676993.61555241,2585.5,6.7775,3,1685429199,0.069040121441405,0.000833333333333333,82.848145729686
"87","614820f9e6",720734.045045809,9677001.42642392,2585.5,6.77833,3,1685429202,0.0678954243732011,0.000833333333333333,81.4745092478413
"88","614820f9e6",720795.694991686,9677008.51754573,2585.5,6.77917,3,1685429205,0.0620564246075841,0.000833333333333333,74.4677095291009
"89","614820f9e6",720852.087451764,9677016.84559315,2585.5,6.78,3,1685429208,0.0570040869379116,0.000833333333333333,68.404904325494
"90","614820f9e6",720902.702330853,9677027.84929186,2585.5,6.78083,3,1685429211,0.0517971753126891,0.000833333333333333,62.1566103752269
"91","614820f9e6",720942.874739216,9677038.3295002,2585.5,6.78167,3,1685429214,0.0415169502807202,0.000833333333333333,49.8203403368643
"92","614820f9e6",720976.242237356,9677042.77191668,2585.5,6.78278,3,1685429218,0.0336619220527329,0.00111111111111111,30.2957298474596
"93","614820f9e6",720996.707188262,9677038.95320768,2590,6.78389,3,1685429222,0.0208181832539486,0.00111111111111111,18.7363649285537
"94","614820f9e6",721018.333162362,9677037.70942024,2589,6.78556,3,1685429228,0.0216617119122986,0.00166666666666667,12.9970271473792
"95","614820f9e6",721039.149079579,9677031.13614255,2591,6.78639,3,1685429231,0.0218291179200108,0.000833333333333333,26.1949415040129
"96","614820f9e6",721059.674811139,9677036.53029261,2591,6.78722,3,1685429234,0.0212226885877308,0.000833333333333333,25.467226305277
"97","614820f9e6",721049.81302916,9677068.8429344,2590,6.78861,3,1685429239,0.0337840430343528,0.00138888888888889,24.324510984734
"98","614820f9e6",721025.742595309,9677071.17492677,2590,6.78944,3,1685429242,0.0241831340856945,0.000833333333333333,29.0197609028334
"99","614820f9e6",720996.046068753,9677061.2513278,2590,6.79028,3,1685429245,0.031310725095527,0.000833333333333333,37.5728701146324
"100","614820f9e6",720956.209932229,9677052.29681292,2590,6.79111,3,1685429248,0.0408301495200254,0.000833333333333333,48.9961794240305
"101","614820f9e6",720909.458029441,9677043.78585474,2590,6.79222,3,1685429252,0.0475202780240903,0.00111111111111111,42.7682502216812
"102","614820f9e6",720881.855582675,9677067.30394284,2589,6.79333,3,1685429256,0.0362628671657732,0.00111111111111111,32.6365804491959
"103","614820f9e6",720865.956227356,9677099.93688632,2586,6.79444,3,1685429260,0.0363001170738439,0.00111111111111111,32.6701053664595
"104","614820f9e6",720886.458161871,9677123.33677102,2584,6.79528,3,1685429263,0.031110832889973,0.000833333333333333,37.3329994679676
"105","614820f9e6",720918.093830033,9677141.98330544,2584,6.79611,3,1685429266,0.0367220471347682,0.000833333333333333,44.0664565617218
"106","614820f9e6",720944.177790364,9677158.99171182,2583,6.79694,3,1685429269,0.0311393460794181,0.000833333333333333,37.3672152953018
"107","614820f9e6",720974.450767277,9677155.32158448,2581,6.79778,3,1685429272,0.0304946383136359,0.000833333333333333,36.593565976363
"108","614820f9e6",721005.361203651,9677141.12120552,2579,6.79889,3,1685429276,0.0340162584592608,0.00111111111111111,30.6146326133347
"109","614820f9e6",721032.073873551,9677136.35135502,2585.8,6.80056,3,1685429282,0.0271351839300035,0.00166666666666667,16.2811103580021
"110","614820f9e6",721061.84599275,9677144.99186592,2585.8,6.80139,3,1685429285,0.0310006049965108,0.000833333333333333,37.2007259958129
"111","614820f9e6",721086.829860441,9677168.70456227,2585.8,6.80222,3,1685429288,0.0344454004585232,0.000833333333333333,41.3344805502279
"112","614820f9e6",721110.255831721,9677198.07167641,2585.8,6.80306,3,1685429291,0.0375659889217125,0.000833333333333333,45.079186706055
"113","614820f9e6",721134.663099597,9677228.98545858,2585.8,6.80389,3,1685429294,0.0393875189997549,0.000833333333333333,47.2650227997059
"114","614820f9e6",721154.77588431,9677252.36391604,2585.8,6.80528,3,1685429299,0.0308395262948977,0.00138888888888889,22.2044589323263
"115","614820f9e6",721163.775455229,9677260.66512296,2585.8,6.80639,3,1685429303,0.0122434600118267,0.00111111111111111,11.019114010644
"116","614820f9e6",721185.511604631,9677277.67014787,2585.8,6.80722,3,1685429306,0.0275976640856414,0.000833333333333333,33.1171969027697
"117","614820f9e6",721223.493117187,9677287.91089183,2585.8,6.80833,3,1685429310,0.039337871483959,0.00111111111111111,35.4040843355631
"118","614820f9e6",721261.043365779,9677286.93754024,2585.8,6.80944,3,1685429314,0.0375628617471695,0.00111111111111111,33.8065755724525
"119","614820f9e6",721292.156196465,9677299.10380378,2585.8,6.81083,3,1685429319,0.0334069783384951,0.00138888888888889,24.0530244037165
"120","614820f9e6",721300.291551235,9677328.02240363,2585.8,6.81167,3,1685429322,0.0300411287208382,0.000833333333333333,36.0493544650059
"121","614820f9e6",721300.011101453,9677358.06189623,2585.8,6.81306,3,1685429327,0.0300408017120408,0.00138888888888889,21.6293772326694
"122","614820f9e6",721300.686350863,9677368.89951471,2577.7,6.81556,3,1685429336,0.0108586341753631,0.0025,4.34345367014524
"123","614820f9e6",721310.587662653,9677365.1990129,2577.7,6.8175,3,1685429343,0.0105702265275573,0.00194444444444444,5.43611649988659
"124","614820f9e6",721320.59408088,9677339.20133443,2577.7,6.81861,3,1685429347,0.0278569146074616,0.00111111111111111,25.0712231467154
"125","614820f9e6",721329.376523216,9677306.48132896,2577.7,6.81944,3,1685429350,0.0338781648142599,0.000833333333333333,40.6537977771118
"126","614820f9e6",721343.281564116,9677271.68402963,2577.7,6.82056,3,1685429354,0.0374726860949227,0.00111111111111111,33.7254174854304
"127","614820f9e6",721364.404498492,9677250.05748595,2577.7,6.82194,3,1685429359,0.0302305432975237,0.00138888888888889,21.765991174217
"128","614820f9e6",721380.017482778,9677231.55961454,2577.7,6.82528,3,1685429371,0.0242061257776253,0.00333333333333333,7.26183773328759
"129","614820f9e6",721399.62761749,9677222.22341625,2577.7,6.82611,3,1685429374,0.0217191616313204,0.000833333333333333,26.0629939575844
"130","614820f9e6",721435.944997018,9677215.77746999,2577.7,6.82722,3,1685429378,0.0368849871754685,0.00111111111111111,33.1964884579216
"131","614820f9e6",721470.490061697,9677219.4877521,2577.7,6.82806,3,1685429381,0.0347437431332861,0.000833333333333333,41.6924917599433
"132","614820f9e6",721510.52214206,9677225.95331194,2577.7,6.82889,3,1685429384,0.0405508436690969,0.000833333333333333,48.6610124029163
"133","614820f9e6",721555.139914074,9677228.55078628,2577.7,6.82972,3,1685429387,0.0446933155226966,0.000833333333333333,53.6319786272359
"134","614820f9e6",721597.838691385,9677221.27503866,2577.7,6.83056,3,1685429390,0.0433142249990944,0.000833333333333333,51.9770699989132
"135","614820f9e6",721644.510690449,9677215.91667568,2577.7,6.83139,3,1685429393,0.046978586084198,0.000833333333333333,56.3743033010376
"136","614820f9e6",721686.854582192,9677215.44344314,2577.7,6.83222,3,1685429396,0.0423465360686164,0.000833333333333333,50.8158432823397
"137","614820f9e6",721737.734691372,9677219.03621246,2577.7,6.83333,3,1685429400,0.0510067985811895,0.00111111111111111,45.9061187230706
"138","614820f9e6",721788.565649116,9677219.98569996,2577.7,6.83444,3,1685429404,0.050839824858961,0.00111111111111111,45.7558423730649
"139","614820f9e6",721832.023803789,9677220.77128763,2577.7,6.83528,3,1685429407,0.0434652545780149,0.000833333333333333,52.1583054936178
"140","614820f9e6",721872.999319308,9677232.45541386,2577.7,6.83611,3,1685429410,0.0426088215957507,0.000833333333333333,51.1305859149008
"141","614820f9e6",721922.909713806,9677240.99368012,2577.7,6.83722,3,1685429414,0.05063545664582,0.00111111111111111,45.571910981238
"142","614820f9e6",721971.265969556,9677251.01673731,2577.7,6.83833,3,1685429418,0.0493840981049819,0.00111111111111111,44.4456882944837
"143","614820f9e6",722012.100602989,9677252.21614993,2577.7,6.83917,3,1685429421,0.0408522444696686,0.000833333333333333,49.0226933636023
"144","614820f9e6",722045.044882769,9677262.38820877,2577.7,6.84,3,1685429424,0.0344789261905954,0.000833333333333333,41.3747114287145
"145","614820f9e6",722089.560608807,9677263.79120392,2577.7,6.84083,3,1685429427,0.0445378295397363,0.000833333333333333,53.4453954476836
"146","614820f9e6",722135.738482819,9677268.15532861,2577.7,6.84194,3,1685429431,0.0463836353964548,0.00111111111111111,41.7452718568093
"147","614820f9e6",722165.773810128,9677262.05211518,2577.7,6.84361,3,1685429437,0.0306491451886803,0.00166666666666667,18.3894871132082
"148","614820f9e6",722166.626364377,9677241.20237549,2577.7,6.845,3,1685429442,0.0208671630469687,0.00138888888888889,15.0243573938174
"149","614820f9e6",722178.763060789,9677225.1326536,2539.4,6.85111,3,1685429464,0.020137908571456,0.00611111111111111,3.29529412987462
"150","614820f9e6",722178.011339076,9677215.1135686,2538.9,6.85278,3,1685429470,0.0100472458792231,0.00166666666666667,6.02834752753388
"151","614820f9e6",722183.622067487,9677206.1228235,2539.1,6.85389,3,1685429474,0.0105978191468683,0.00111111111111111,9.53803723218146
"152","614820f9e6",722192.395436255,9677199.7034528,2539.1,6.85639,3,1685429483,0.010871077210651,0.0025,4.34843088426038
"153","614820f9e6",722192.710872052,9677189.48338937,2538.1,6.86111,3,1685429500,0.0102249301394211,0.00472222222222222,2.16527932364212
"154","614820f9e6",722192.881472881,9677179.10874234,2538.3,6.86444,3,1685429512,0.010376049611318,0.00333333333333333,3.11281488339539
"155","614820f9e6",722183.352568799,9677173.36338263,2541.6,6.86889,3,1685429528,0.0111269569602718,0.00444444444444444,2.50356531606115
"156","614820f9e6",722191.715204278,9677167.34290281,2538.1,6.87444,3,1685429548,0.010304360699671,0.00555555555555556,1.85478492594078
"157","614820f9e6",722201.676147925,9677165.9095094,2538.1,6.88,3,1685429568,0.0100635488266983,0.00555555555555556,1.8114387888057
"158","614820f9e6",722191.358088683,9677166.62463312,2538.1,6.88194,3,1685429575,0.0103428114380738,0.00194444444444444,5.31916016815225
"159","614820f9e6",722194.098001933,9677156.58828144,2538.1,6.88472,3,1685429585,0.0104036281959297,0.00277777777777778,3.74530615053469
"160","614820f9e6",722204.993294297,9677155.30806735,2537.8,6.88806,3,1685429597,0.0109702481195782,0.00333333333333333,3.29107443587345
"161","614820f9e6",722215.6747604,9677158.85042257,2538.1,6.89056,3,1685429606,0.0112535327159472,0.0025,4.5014130863789
"162","614820f9e6",722224.125269308,9677164.73041794,2541.8,6.89806,3,1685429633,0.0102949233286768,0.0075,1.37265644382357
"163","614820f9e6",722221.151268607,9677174.44644588,2543.7,6.91056,3,1685429678,0.0101609979394239,0.0125,0.812879835153913
"164","614820f9e6",722212.091935239,9677170.12700193,2541,6.93417,3,1685429763,0.0100363896475668,0.0236111111111111,0.425070620367535
"165","614820f9e6",722212.683891544,9677159.0769405,2541,6.94667,3,1685429808,0.0110659057401687,0.0125,0.885272459213495
"166","614820f9e6",722204.766309831,9677165.24041262,2540.9,7.03194,3,1685430115,0.0100337674290652,0.0852777777777778,0.117659813500439
"167","614820f9e6",722204.001825998,9677166.81230124,2540.9,7.03611,3,1685430130,0.00174793287857779,0.00416666666666667,0.41950389085867
"168","614820f9e6",722212.429993055,9677153.86809919,2539.8,8.66944,3,1685436010,0.0154462411824508,1.63333333333333,0.00945688235660253
"169","614820f9e6",722228.44758145,9677162.84252241,2539.8,8.67111,3,1685436016,0.018360376093103,0.00166666666666667,11.0162256558618
"170","614820f9e6",722220.11846358,9677168.95142709,2539.8,8.67778,3,1685436040,0.0103292265382295,0.00666666666666667,1.54938398073442
"171","614820f9e6",722214.198227467,9677160.21343578,2539.8,8.69028,3,1685436085,0.0105546997961025,0.0125,0.844375983688202
"172","614820f9e6",722208.467365023,9677151.6631293,2541.8,8.69139,3,1685436089,0.0102932271593373,0.00111111111111111,9.26390444340355
"173","614820f9e6",722216.984494301,9677157.48770582,2537.8,8.69444,3,1685436100,0.0103182935989084,0.00305555555555556,3.37689608691549
"174","614820f9e6",722216.146523727,9677167.76399998,2537.5,8.69667,3,1685436108,0.0103104033054741,0.00222222222222222,4.63968148746336
"175","614820f9e6",722217.25454108,9677178.03683502,2539.8,8.69889,3,1685436116,0.0103324170599856,0.00222222222222222,4.6495876769935
"176","614820f9e6",722225.96161539,9677184.36983803,2537.8,8.70083,3,1685436123,0.0107666183218324,0.00194444444444444,5.53711799408524
"177","614820f9e6",722231.959122115,9677192.78695071,2537.5,8.70333,3,1685436132,0.0103352732322681,0.0025,4.13410929290724
"178","614820f9e6",722234.689824983,9677202.59237932,2538,8.7075,3,1685436147,0.0101785641639285,0.00416666666666667,2.44285539934283
"179","614820f9e6",722238.887612758,9677211.97491774,2538,8.71111,3,1685436160,0.0102787863774211,0.00361111111111111,2.84643315067047
"180","614820f9e6",722245.406558817,9677219.71644007,2535.7,8.715,3,1685436174,0.010120663307145,0.00388888888888889,2.60245627898014
"181","614820f9e6",722252.247374451,9677227.11452827,2535.7,8.72028,3,1685436193,0.0100761335589856,0.00527777777777778,1.90916214801832
"182","614820f9e6",722253.955416894,9677237.13191712,2536.4,8.72472,3,1685436209,0.0101619628206918,0.00444444444444444,2.28644163465566
"183","614820f9e6",722254.074565263,9677247.85997485,2535.1,8.72917,3,1685436225,0.0107287193575124,0.00444444444444444,2.41396185544028
"184","614820f9e6",722258.360841874,9677256.9769156,2534.9,8.73694,3,1685436253,0.0100742630342858,0.00777777777777778,1.29526239012246
"185","614820f9e6",722256.298927195,9677266.83510437,2534.7,8.74639,3,1685436287,0.0100715131996799,0.00944444444444444,1.06639551526022
"186","614820f9e6",722250.290789413,9677258.69451007,2534.7,8.78306,3,1685436419,0.0101176575983941,0.0366666666666667,0.275936116319838
"187","614820f9e6",722260.256225677,9677259.78280501,2534.9,8.80278,3,1685436490,0.0100246848241757,0.0197222222222222,0.508293878408909
"188","614820f9e6",722257.925840261,9677249.97666327,2535.1,8.80694,3,1685436505,0.0100792416440663,0.00416666666666667,2.41901799457592
"189","614820f9e6",722252.106112329,9677241.48181232,2535.7,8.81194,3,1685436523,0.0102971707635813,0.005,2.05943415271627
"190","614820f9e6",722251.108429363,9677230.72213607,2535.7,8.82417,3,1685436567,0.0108058319596344,0.0122222222222222,0.884113523970083
"191","614820f9e6",722241.998431904,9677235.43885882,2535.7,8.83139,3,1685436593,0.0102586318381699,0.00722222222222222,1.42042594682352
"192","614820f9e6",722231.624135857,9677235.80015975,2535.6,8.83389,3,1685436602,0.010380585572707,0.0025,4.15223422908281
"193","614820f9e6",722221.629785656,9677237.21149115,2535.7,8.83778,3,1685436616,0.0100935074314286,0.00388888888888889,2.59547333951022
"194","614820f9e6",722212.08308337,9677240.22573609,2535.9,8.84139,3,1685436629,0.0100112535227386,0.00361111111111111,2.77234712937377
"195","614820f9e6",722203.034769246,9677235.85096853,2535.9,8.85583,3,1685436681,0.0100504019654261,0.0144444444444444,0.695797059144883
"196","614820f9e6",722193.575450758,9677231.72025262,2538,8.86361,3,1685436709,0.010321895185293,0.00777777777777778,1.32710080953767
"197","614820f9e6",722203.378421348,9677228.99311531,2537.4,8.86778,3,1685436724,0.0101752400609241,0.00416666666666667,2.44205761462178
"198","614820f9e6",722196.83139579,9677236.73573764,2537.4,8.91917,3,1685436909,0.0101396126261871,0.0513888888888889,0.19731138083391
"199","614820f9e6",722204.691930339,9677229.75392578,2537.5,8.93444,3,1685436964,0.0105135008548316,0.0152777777777778,0.68815641958898
"200","614820f9e6",722214.282566134,9677232.68992016,2538.8,8.9625,3,1685437065,0.0100299729766678,0.0280555555555556,0.357503987287171
"201","614820f9e6",722205.071585373,9677236.89805546,2538.8,8.98639,3,1685437151,0.0101267255001544,0.0238888888888889,0.423909439541347
"202","614820f9e6",722195.922583277,9677232.18060455,2535.2,8.99917,3,1685437197,0.0102936185332207,0.0127777777777778,0.805587537382492
"203","614820f9e6",722206.441416632,9677231.80798951,2538.8,9.00083,3,1685437203,0.010525430971157,0.00166666666666667,6.31525858269418
"204","614820f9e6",722195.773700151,9677229.74765413,2538.8,9.02139,3,1685437277,0.0108648588029835,0.0205555555555556,0.528560698523522
"205","614820f9e6",722204.16802034,9677235.29595122,2538.8,9.02972,3,1685437307,0.0100622170565358,0.00833333333333333,1.2074660467843
"206","614820f9e6",722206.498499649,9677245.15739107,2538.8,9.06778,3,1685437444,0.0101330710888413,0.0380555555555556,0.266270481166633
"207","614820f9e6",722206.124697296,9677235.0491525,2537.8,9.08528,3,1685437507,0.0101151478051598,0.0175,0.57800844600913
"208","614820f9e6",722206.10418704,9677236.022475,2538.8,9.12222,3,1685437640,0.000973538575864942,0.0369444444444444,0.0263514200985999
"209","614820f9e6",722207.355322059,9677176.6608619,2538,11.11917,3,1685444829,0.0593747964117519,1.99694444444444,0.0297328233526647
"210","614820f9e6",722217.530101696,9677176.66489659,2540.7,11.12417,3,1685444847,0.0101747804373193,0.005,2.03495608746386
"211","614820f9e6",722224.700722078,9677169.41886468,2537.8,11.12639,3,1685444855,0.0101942520606818,0.00222222222222222,4.5874134273068
"212","614820f9e6",722216.339408344,9677163.6714314,2539.8,11.14806,3,1685444933,0.0101461597004324,0.0216666666666667,0.468284293866109
"213","614820f9e6",722218.982920593,9677174.47242037,2537.5,11.15306,3,1685444951,0.0111197805673169,0.005,2.22395611346337
"214","614820f9e6",722228.418759752,9677177.90638931,2539.8,11.18806,3,1685445077,0.0100412749849795,0.035,0.286893570999413
"215","614820f9e6",722225.186743445,9677173.84202873,2539.6,11.26194,3,1685445343,0.00519277925070524,0.0738888888888889,0.0702782154230784
"216","614820f9e6",722213.479658696,9677162.59262801,2540.7,12.24444,3,1685448880,0.0162359123535626,0.9825,0.0165251016321248
"217","614820f9e6",722213.479658696,9677162.59262801,2540.7,12.24472,3,1685448881,0,0.000277777777777778,0
"218","614820f9e6",722221.896414519,9677168.25148223,2539.8,12.24778,3,1685448892,0.0101422093091717,0.00305555555555556,3.31926850118346
"219","614820f9e6",722217.55593923,9677178.68884339,2537.8,12.25056,3,1685448902,0.0113039034728764,0.00277777777777778,4.06940525023551
"220","614820f9e6",722219.172522062,9677168.53282593,2539.8,12.25278,3,1685448910,0.0102838723535961,0.00222222222222222,4.62774255911826
"221","614820f9e6",722227.745311606,9677174.39048411,2539.8,12.25639,3,1685448923,0.01038291288153,0.00361111111111111,2.87526818257752
"222","614820f9e6",722229.109147186,9677184.69604522,2537.5,12.26111,3,1685448940,0.0103954142377605,0.00472222222222222,2.20138183858458
"223","614820f9e6",722230.272803879,9677194.99090219,2537.5,12.26389,3,1685448950,0.0103604139430304,0.00277777777777778,3.72974901949093
"224","614820f9e6",722234.97006461,9677203.85272924,2537.5,12.26722,3,1685448962,0.0100297675392941,0.00333333333333333,3.00893026178822
"225","614820f9e6",722239.434377078,9677213.03571267,2537.4,12.27139,3,1685448977,0.0102106449597608,0.00416666666666667,2.4505547903426
"226","614820f9e6",722247.695890436,9677218.93816576,2535.7,12.27583,3,1685448993,0.0101534011793103,0.00444444444444444,2.28451526534481
"227","614820f9e6",722258.248458872,9677218.7756269,2535.1,12.27889,3,1685449004,0.0105538201375454,0.00305555555555556,3.45397749956032
"228","614820f9e6",722268.6901234,9677218.77918538,2535.1,12.28111,3,1685449012,0.0104416651336429,0.00222222222222222,4.6987493101393
"229","614820f9e6",722278.741371476,9677218.09771251,2535.1,12.28444,3,1685449024,0.0100743234586706,0.00333333333333333,3.02229703760118
"230","614820f9e6",722288.703070554,9677217.08459576,2535.4,12.28694,3,1685449033,0.0100130841444624,0.0025,4.00523365778495
"231","614820f9e6",722299.076581547,9677216.28088734,2535.1,12.29,3,1685449044,0.0104045988653339,0.00305555555555556,3.40514144683655
"232","614820f9e6",722309.088660723,9677218.5857017,2535.2,12.29361,3,1685449057,0.0102739427028388,0.00361111111111111,2.84509182540152
"233","614820f9e6",722319.582388015,9677216.59834972,2535.9,12.2975,3,1685449071,0.0106802565682002,0.00388888888888889,2.74635168896577
"234","614820f9e6",722328.486702476,9677221.28304892,2535.3,12.29972,3,1685449079,0.0100614721864153,0.00222222222222222,4.52766248388687
"235","614820f9e6",722335.726978933,9677228.19378234,2548,12.3025,3,1685449089,0.0100089879409097,0.00277777777777778,3.6032356587275
"236","614820f9e6",722342.768080499,9677235.65787391,2536,12.30667,3,1685449104,0.010261080561849,0.00416666666666667,2.46265933484377
"237","614820f9e6",722352.437518552,9677232.87565997,2535.3,12.30889,3,1685449112,0.0100617467018414,0.00222222222222222,4.52778601582861
"238","614820f9e6",722360.832600455,9677238.84423312,2535.1,12.31361,3,1685449129,0.0103005468588878,0.00472222222222222,2.18129227599977
"239","614820f9e6",722367.508398435,9677247.23802095,2533.8,12.31667,3,1685449140,0.0107248288013706,0.00305555555555556,3.50994397135764
"240","614820f9e6",722367.675925423,9677247.64694594,2533.8,12.31694,3,1685449141,0.000441910556805459,0.000277777777777778,1.59087800449965
"241","614820f9e6",722373.49550756,9677256.05331675,2533.5,12.32028,3,1685449153,0.0102242166661324,0.00333333333333333,3.06726499983972
"242","614820f9e6",722379.260532934,9677265.04596904,2531.6,12.32556,3,1685449172,0.0106819152183475,0.00527777777777778,2.02394183084479
"243","614820f9e6",722379.023143941,9677275.3765052,2531.6,12.32833,3,1685449182,0.0103332633247414,0.00277777777777778,3.71997479690689
"244","614820f9e6",722378.863023655,9677285.38616163,2531.6,12.33139,3,1685449193,0.0100109370285423,0.00305555555555556,3.27630666388657
"245","614820f9e6",722387.513790141,9677291.31004127,2531.4,12.33417,3,1685449203,0.010484660739286,0.00277777777777778,3.77447786614295
"246","614820f9e6",722397.776270422,9677290.59500658,2531.4,12.33667,3,1685449212,0.0102873600170216,0.0025,4.11494400680864
"247","614820f9e6",722407.535481378,9677288.26609417,2531.4,12.34306,3,1685449235,0.0100332463095062,0.00638888888888889,1.57042116148793
"248","614820f9e6",722412.68895153,9677278.5240575,2531.4,12.34917,3,1685449257,0.0110211402790538,0.00611111111111111,1.80345931839061
"249","614820f9e6",722411.118040032,9677264.33676721,2531.4,12.35028,3,1685449261,0.0142739962420197,0.00111111111111111,12.8465966178177
"250","614820f9e6",722402.398973147,9677282.53504709,2532.2,12.35778,3,1685449288,0.0201791852674985,0.0075,2.69055803566647
"251","614820f9e6",722380.024182757,9677300.52534534,2532.2,12.35889,3,1685449292,0.0287103130607005,0.00111111111111111,25.8392817546304
"252","614820f9e6",722402.4262945,9677279.13955374,2532.2,12.36639,3,1685449319,0.0309710621816526,0.0075,4.12947495755368
"253","614820f9e6",722402.794000475,9677279.55918287,2532.2,12.43611,3,1685449570,0.000557939321374205,0.0697222222222222,0.00800231695994875
"254","614820f9e6",722340.539382277,9677239.26742204,2534.9,12.91611,3,1685451298,0.0741556705701499,0.48,0.154490980354479
"255","614820f9e6",722327.945446069,9677235.82801156,2534.9,12.91694,3,1685451301,0.0130551435709351,0.000833333333333333,15.6661722851222
"256","614820f9e6",722308.985396365,9677229.30309803,2535.3,12.92333,3,1685451324,0.0200513835279499,0.00638888888888889,3.13847742176606
"257","614820f9e6",722298.889351442,9677229.80769126,2535.1,12.92806,3,1685451341,0.0101086466663931,0.00472222222222222,2.14065458817735
"258","614820f9e6",722288.624305637,9677229.0738558,2535.7,12.94083,3,1685451387,0.0102912428715998,0.0127777777777778,0.805401616038247
"259","614820f9e6",722281.094167958,9677221.74335394,2537.8,12.94806,3,1685451413,0.0105090071360422,0.00722222222222222,1.45509329575968
"260","614820f9e6",722271.767752005,9677217.31378464,2535,12.94944,3,1685451418,0.0103248786308971,0.00138888888888889,7.43391261424589
"261","614820f9e6",722263.4255853,9677209.82988546,2535,12.95167,3,1685451426,0.0112071625444152,0.00222222222222222,5.04322314498682
"262","614820f9e6",722257.538064142,9677206.98685303,2538,12.95278,3,1685451430,0.00653802254553517,0.00111111111111111,5.88422029098165
"263","614820f9e6",722248.122829082,9677202.63486168,2538,12.95472,3,1685451437,0.010372390270632,0.00194444444444444,5.33437213918215
"264","614820f9e6",722245.592460797,9677192.92861715,2538.2,12.95861,3,1685451451,0.0100306503565005,0.00388888888888889,2.57931009167157
"265","614820f9e6",722239.462339216,9677184.9762632,2538.2,12.97028,3,1685451493,0.0100408328270337,0.0116666666666667,0.860642813745744
"266","614820f9e6",722234.820205648,9677175.84889688,2539.8,12.97639,3,1685451515,0.0102400302777473,0.00611111111111111,1.67564131817684
"267","614820f9e6",722227.413160458,9677168.94952002,2539.8,12.97917,3,1685451525,0.0101225352257614,0.00277777777777778,3.64411268127411
"268","614820f9e6",722217.789364311,9677166.12418942,2539.8,12.98667,3,1685451552,0.0100299524073518,0.0075,1.3373269876469
"269","614820f9e6",722207.715608557,9677166.6508591,2544.2,12.99306,3,1685451575,0.0100875138630676,0.00638888888888889,1.5789152133497
"270","614820f9e6",722198.124453155,9677169.67624557,2545.2,12.99778,3,1685451592,0.0100569988208435,0.00472222222222222,2.12971739735509
"271","614820f9e6",722188.63426171,9677173.1991546,2544.8,13.02028,3,1685451673,0.0101229749427617,0.0225,0.449909997456077
"272","614820f9e6",722198.0795606,9677169.44406393,2544.8,13.05722,3,1685451806,0.0101643680126465,0.0369444444444444,0.275125750718252
"273","614820f9e6",722187.911951453,9677167.21694171,2544.8,13.08111,3,1685451892,0.0104086670214837,0.0238888888888889,0.435711642759782
"274","614820f9e6",722191.793417305,9677167.55290509,2544.8,13.12417,3,1685452047,0.00389597851024982,0.0430555555555556,0.0904872428187054
"275","614820f9e6",722207.057337709,9677171.67330047,2545.2,14.10444,3,1685455576,0.0158102790666113,0.980277777777778,0.0161283662906775
"276","614820f9e6",722207.057337709,9677171.67330047,2545.2,14.10472,3,1685455577,0,0.000277777777777778,0
"277","614820f9e6",722219.744180191,9677171.08668587,2544.7,14.10639,3,1685455583,0.0127003971924144,0.00166666666666667,7.62023831544863
"278","614820f9e6",722214.96890408,9677162.12545785,2539.8,14.11889,3,1685455628,0.0101541552825551,0.0125,0.812332422604411
"279","614820f9e6",722219.0002062,9677171.68525209,2537.4,14.12278,3,1685455642,0.0103750210932283,0.00388888888888889,2.66786256683013
"280","614820f9e6",722219.863191845,9677181.73732144,2537.4,14.125,3,1685455650,0.0100890456665962,0.00222222222222222,4.54007054996829
"281","614820f9e6",722222.893758714,9677191.33207519,2537.5,14.12667,3,1685455656,0.0100619896139775,0.00166666666666667,6.0371937683865
"282","614820f9e6",722232.794277348,9677193.43801033,2537.6,14.13056,3,1685455670,0.0101220171931743,0.00388888888888889,2.60280442110196
"283","614820f9e6",722242.80117937,9677192.83403841,2535.7,14.13306,3,1685455679,0.0100251119781268,0.0025,4.01004479125071
"284","614820f9e6",722248.309567759,9677201.34050138,2536,14.13583,3,1685455689,0.0101342120981873,0.00277777777777778,3.64831635534742
"285","614820f9e6",722257.956925561,9677204.9068149,2536,14.13917,3,1685455701,0.0102854316726477,0.00333333333333333,3.0856295017943
"286","614820f9e6",722267.029134333,9677210.2105819,2536,14.14111,3,1685455708,0.010508801856461,0.00194444444444444,5.40452666903711
"287","614820f9e6",722274.103313423,9677217.51977401,2535.1,14.14361,3,1685455717,0.0101719368383313,0.0025,4.06877473533251
"288","614820f9e6",722276.46743487,9677227.53599738,2535,14.14778,3,1685455732,0.0102914430879595,0.00416666666666667,2.46994634111027
"289","614820f9e6",722286.657078321,9677229.64141688,2535.3,14.15222,3,1685455748,0.0104048846673805,0.00444444444444444,2.34109905016062
"290","614820f9e6",722293.075831734,9677237.31675706,2535.1,14.15667,3,1685455764,0.0100055605651717,0.00444444444444444,2.25125112716363
"291","614820f9e6",722294.872719001,9677247.2676293,2535,14.16028,3,1685455777,0.0101118080577735,0.00361111111111111,2.8001930006142
"292","614820f9e6",722292.210192714,9677257.04946797,2535,14.16389,3,1685455790,0.0101377223245977,0.00361111111111111,2.80736925911937
"293","614820f9e6",722289.681124552,9677266.84212911,2535.1,14.16944,3,1685455810,0.0101139704406301,0.00555555555555556,1.82051467931342
"294","614820f9e6",722288.951379859,9677256.67921852,2535.1,14.1925,3,1685455893,0.0101890764553747,0.0230555555555556,0.441935846257216
"295","614820f9e6",722290.179059744,9677246.68978944,2535.3,14.19528,3,1685455903,0.0100645859917667,0.00277777777777778,3.62325095703602
"296","614820f9e6",722293.8085487,9677236.64078992,2535.1,14.19917,3,1685455917,0.0106843615380385,0.00388888888888889,2.74740725263848
"297","614820f9e6",722297.638785491,9677226.9232352,2535.3,14.20222,3,1685455928,0.0104451703504217,0.00305555555555556,3.41841938741075
"298","614820f9e6",722299.044303247,9677216.88924882,2535.2,14.20639,3,1685455943,0.0101319476313596,0.00416666666666667,2.43166743152631
"299","614820f9e6",722305.056741064,9677208.68304342,2535.2,14.21167,3,1685455962,0.0101730632372317,0.00527777777777778,1.92752777126496
"300","614820f9e6",722313.787478615,9677203.30338293,2536.6,14.21556,3,1685455976,0.0102550731405286,0.00388888888888889,2.63701880756448
"301","614820f9e6",722319.821466212,9677194.71003471,2535.2,14.21889,3,1685455988,0.0105002209494925,0.00333333333333333,3.15006628484776
"302","614820f9e6",722316.056718544,9677184.97280271,2535.2,14.2325,3,1685456037,0.0104396844791046,0.0136111111111111,0.766997227036258
"303","614820f9e6",722332.797987722,9677194.43257694,2535.3,14.30083,3,1685456283,0.0192290775155692,0.0683333333333333,0.281401134374184
"304","614820f9e6",722321.80867879,9677186.62158548,2535.3,14.31139,3,1685456321,0.0134824514970877,0.0105555555555556,1.27728487867146
"305","614820f9e6",722308.844187872,9677262.46145394,2535.3,14.73056,3,1685457830,0.076940000480106,0.419166666666667,0.183554673113573
"306","614820f9e6",722284.203067922,9677244.12341578,2535.3,14.73167,3,1685457834,0.0307159313094865,0.00111111111111111,27.6443381785379
"307","614820f9e6",722277.316491211,9677236.006504,2535.1,14.7325,3,1685457837,0.010644679216151,0.000833333333333333,12.7736150593812
"308","614820f9e6",722285.466752758,9677229.36703117,2535.1,14.73611,3,1685457850,0.010512343350184,0.00361111111111111,2.91111046620481
"309","614820f9e6",722294.700406651,9677225.40216902,2535,14.73778,3,1685457856,0.0100489052186114,0.00166666666666667,6.02934313116683
"310","614820f9e6",722296.672943308,9677215.31187433,2535.1,14.73972,3,1685457863,0.0102812911566399,0.00194444444444444,5.28752116627194
"311","614820f9e6",722306.1715082,9677210.24053187,2535.3,14.7425,3,1685457873,0.0107676018380669,0.00277777777777778,3.8763366617041
"312","614820f9e6",722315.784182729,9677206.80587643,2535.3,14.74444,3,1685457880,0.010207858228495,0.00194444444444444,5.24975566036886
"313","614820f9e6",722315.45475073,9677196.64225283,2535.3,14.74806,3,1685457893,0.0101689611126749,0.00361111111111111,2.81602000043306
"314","614820f9e6",722305.696731296,9677199.63476423,2535.3,14.75222,3,1685457908,0.0102065698324433,0.00416666666666667,2.4495767597864
"315","614820f9e6",722306.890063091,9677189.0923909,2535.2,14.75639,3,1685457923,0.0106096972639654,0.00416666666666667,2.54632734335171
"316","614820f9e6",722280.679674233,9677188.75189199,2535.2,14.84111,3,1685458228,0.0262126004745947,0.0847222222222222,0.309394628552593
"317","614820f9e6",722267.249078321,9677183.80979771,2535.2,14.84194,3,1685458231,0.0143110168192578,0.000833333333333333,17.1732201831093
"318","614820f9e6",722293.549240711,9677190.8636041,2535.2,14.8525,3,1685458269,0.0272296662903458,0.0105555555555556,2.57965259592749
"319","614820f9e6",722292.101554683,9677195.94275215,2535.2,14.86167,3,1685458302,0.00528143349401916,0.00916666666666667,0.576156381165726
"320","614820f9e6",722301.409937872,9677190.23026297,2535.2,14.865,3,1685458314,0.0109214710658947,0.00333333333333333,3.2764413197684
"321","614820f9e6",722290.081225666,9677197.91503746,2535.2,14.87611,3,1685458354,0.0136892468465123,0.0111111111111111,1.23203221618611
"322","614820f9e6",722301.394570055,9677187.84131417,2535.2,14.88861,3,1685458399,0.0151483220915452,0.0125,1.21186576732362
"323","614820f9e6",722292.213422704,9677196.31859577,2535.2,14.89694,3,1685458429,0.0124963102539565,0.00833333333333333,1.49955723047478
"324","614820f9e6",722303.112125888,9677196.95176172,2535.2,14.9075,3,1685458467,0.01091707974792,0.0105555555555556,1.03424966032926
"325","614820f9e6",722319.822752379,9677189.17999453,2535.2,14.91028,3,1685458477,0.0184294710418434,0.00277777777777778,6.63460957506361
"326","614820f9e6",722311.937482268,9677182.24828912,2535.3,14.92417,3,1685458527,0.010498858256299,0.0138888888888889,0.755917794453526
"327","614820f9e6",722314.694736053,9677181.96688413,2535.2,14.94528,3,1685458603,0.0027715766631029,0.0211111111111111,0.131285210357506
"328","614820f9e6",722238.875851313,9677236.63889647,2535.7,15.58556,3,1685460908,0.0934747678032498,0.640277777777778,0.14599096056039
"329","614820f9e6",722236.878907979,9677226.74368252,2535.8,15.59778,3,1685460952,0.0100947036510724,0.0122222222222222,0.825930298724107
"330","614820f9e6",722230.79210701,9677218.13870629,2537.5,15.60222,3,1685460968,0.0105401499979268,0.00444444444444444,2.37153374953354
"331","614820f9e6",722224.073121452,9677210.46389984,2537.8,15.61139,3,1685461001,0.0102003637667196,0.00916666666666667,1.11276695636941
"332","614820f9e6",722214.257872229,9677212.53851782,2537.5,15.61444,3,1685461012,0.0100321063133715,0.00305555555555556,3.28323479346704
"333","614820f9e6",722203.979806478,9677210.73187323,2537.5,15.61778,3,1685461024,0.0104356408653976,0.00333333333333333,3.13069225961927
"334","614820f9e6",722197.58884477,9677206.17542303,2538,15.62444,3,1685461048,0.00784892540259984,0.00666666666666667,1.17733881038998
"335","614820f9e6",722197.900576454,9677206.38501032,2538,15.62472,3,1685461049,0.000375637424599368,0.000277777777777778,1.35229472855772
"336","614820f9e6",722195.040177895,9677204.94122486,2538,15.63194,3,1685461075,0.00320412177913321,0.00722222222222222,0.443647630956906
"337","614820f9e6",722186.069077495,9677200.21239883,2538.2,15.635,3,1685461086,0.0101411260698057,0.00305555555555556,3.31891398648186
"338","614820f9e6",722182.939761523,9677203.87884233,2538,15.75806,3,1685461529,0.00482031392955882,0.123055555555556,0.0391718513463019
"339","614820f9e6",722163.353433743,9676957.62808809,2539.3,15.97389,3,1685462306,0.247028456261362,0.215833333333333,1.14453338808353
"340","614820f9e6",722167.903118201,9676933.53117146,2562.3,15.97472,3,1685462309,0.0245226633854178,0.000833333333333333,29.4271960625014
"341","614820f9e6",722183.942334221,9676917.16692485,2562.3,15.97556,3,1685462312,0.0229138608179574,0.000833333333333333,27.4966329815489
"342","614820f9e6",722173.355369853,9676897.97441822,2562.3,15.97722,3,1685462318,0.0219188531969786,0.00166666666666667,13.1513119181872
"343","614820f9e6",722162.704347834,9676899.03300904,2577.5,15.97833,3,1685462322,0.0107034987086592,0.00111111111111111,9.63314883779326
"344","614820f9e6",722133.231421733,9676914.93449952,2577.5,15.97917,3,1685462325,0.0334889649320946,0.000833333333333333,40.1867579185136
"345","614820f9e6",722105.087934983,9676934.30647397,2577.5,15.98,3,1685462328,0.0341662002667228,0.000833333333333333,40.9994403200674
"346","614820f9e6",722065.372511935,9676955.88889807,2577.5,15.98083,3,1685462331,0.0452008391267857,0.000833333333333333,54.2410069521428
"347","614820f9e6",722022.973061063,9676981.41345043,2577.5,15.98167,3,1685462334,0.0494895565475389,0.000833333333333333,59.3874678570467
"348","614820f9e6",721979.712319029,9677016.61705497,2577.5,15.9825,3,1685462337,0.0557744168433782,0.000833333333333333,66.9293002120538
"349","614820f9e6",721929.449513898,9677047.5417625,2577.5,15.98333,3,1685462340,0.0590142958541364,0.000833333333333333,70.8171550249636
"350","614820f9e6",721875.745124218,9677075.36466881,2577.5,15.98444,3,1685462344,0.060483680331171,0.00111111111111111,54.4353122980539
"351","614820f9e6",721823.438051496,9677094.7904809,2577.5,15.98528,3,1685462347,0.0557977780243592,0.000833333333333333,66.957333629231
"352","614820f9e6",721766.878449589,9677099.02730704,2577.5,15.98611,3,1685462350,0.0567180682289752,0.000833333333333333,68.0616818747702
"353","614820f9e6",721710.121661543,9677098.66347865,2555,15.98694,3,1685462353,0.0567579541601895,0.000833333333333333,68.1095449922273
"354","614820f9e6",721653.876033989,9677098.08857757,2557,15.98778,3,1685462356,0.0562485655828582,0.000833333333333333,67.4982786994298
"355","614820f9e6",721595.217996481,9677097.84972973,2561,15.98861,3,1685462359,0.0586585237852794,0.000833333333333333,70.3902285423353
"356","614820f9e6",721537.22640675,9677097.17833217,2566,15.98944,3,1685462362,0.0579954761528006,0.000833333333333333,69.5945713833607
"357","614820f9e6",721480.782636152,9677097.70970806,2569,15.99028,3,1685462365,0.0564462717953398,0.000833333333333333,67.7355261544077
"358","614820f9e6",721424.716370678,9677097.90858874,2571,15.99111,3,1685462368,0.0560666182128635,0.000833333333333333,67.2799418554362
"359","614820f9e6",721368.785284651,9677099.08048636,2573,15.99194,3,1685462371,0.0559433617884176,0.000833333333333333,67.1320341461012
"360","614820f9e6",721314.251891535,9677098.3143808,2577,15.99278,3,1685462374,0.0545387741188826,0.000833333333333333,65.4465289426591
"361","614820f9e6",721262.109659409,9677097.75415907,2579,15.99361,3,1685462377,0.0521452415802377,0.000833333333333333,62.5742898962852
"362","614820f9e6",721211.424849907,9677097.58949675,2577.5,15.99444,3,1685462380,0.0506850769756247,0.000833333333333333,60.8220923707497
"363","614820f9e6",721160.743388753,9677086.74084287,2577.5,15.99556,3,1685462384,0.0518295648822481,0.00111111111111111,46.6466083940233
"364","614820f9e6",721122.144813951,9677073.3712359,2600,15.99639,3,1685462387,0.0408484561167224,0.000833333333333333,49.0181473400669
"365","614820f9e6",721087.698728677,9677068.97499729,2577.5,15.99722,3,1685462390,0.0347254907039361,0.000833333333333333,41.6705888447233
"366","614820f9e6",721053.573750543,9677070.08606235,2577.5,15.99861,3,1685462395,0.0341430607626987,0.00138888888888889,24.5830037491431
"367","614820f9e6",721023.985746341,9677064.94019548,2592,15.99944,3,1685462398,0.0300321484157171,0.000833333333333333,36.0385780988605
"368","614820f9e6",720988.763762204,9677049.36365088,2586,16.00028,3,1685462401,0.038512555202807,0.000833333333333333,46.2150662433684
"369","614820f9e6",720942.533974112,9677040.56422115,2577.5,16.00111,3,1685462404,0.0470597840054314,0.000833333333333333,56.4717408065177
"370","614820f9e6",720896.181455434,9677031.52167598,2577.5,16.00194,3,1685462407,0.0472263021077975,0.000833333333333333,56.671562529357
"371","614820f9e6",720849.980879343,9677020.35533225,2583,16.00278,3,1685462410,0.0475308369754795,0.000833333333333333,57.0370043705755
"372","614820f9e6",720800.568664486,9677010.31171082,2580,16.00361,3,1685462413,0.0504226269483165,0.000833333333333333,60.5071523379797
"373","614820f9e6",720747.546238277,9677002.37584997,2577,16.00444,3,1685462416,0.0536130167841023,0.000833333333333333,64.3356201409228
"374","614820f9e6",720695.983734932,9676996.25122881,2573,16.00528,3,1685462419,0.0519249721764304,0.000833333333333333,62.3099666117165
"375","614820f9e6",720645.450531112,9676987.37083854,2570,16.00611,3,1685462422,0.051307562986585,0.000833333333333333,61.569075583902
"376","614820f9e6",720590.665261804,9676976.0536867,2566,16.00694,3,1685462425,0.0559419668843738,0.000833333333333333,67.1303602612485
"377","614820f9e6",720532.29591278,9676969.04517173,2570,16.00778,3,1685462428,0.0587886059334155,0.000833333333333333,70.5463271200986
"378","614820f9e6",720473.608681406,9676964.62522658,2573,16.00861,3,1685462431,0.0588534369561185,0.000833333333333333,70.6241243473422
"379","614820f9e6",720417.452007949,9676957.49110171,2571,16.00944,3,1685462434,0.0566080180825886,0.000833333333333333,67.9296216991062
"380","614820f9e6",720363.228896306,9676949.61252823,2570,16.01028,3,1685462437,0.0547924972646326,0.000833333333333333,65.7509967175591
"381","614820f9e6",720306.583485717,9676942.7557235,2569,16.01111,3,1685462440,0.0570589021263327,0.000833333333333333,68.4706825515992
"382","614820f9e6",720250.15512714,9676939.1612001,2574,16.01194,3,1685462443,0.0565427294187709,0.000833333333333333,67.8512753025251
"383","614820f9e6",720194.623468502,9676939.59089367,2578,16.01278,3,1685462446,0.0555333210573089,0.000833333333333333,66.6399852687707
"384","614820f9e6",720140.918044155,9676941.47725673,2580,16.01361,3,1685462449,0.0537385426856246,0.000833333333333333,64.4862512227495
"385","614820f9e6",720088.401671481,9676942.91910318,2581,16.01444,3,1685462452,0.0525361620215373,0.000833333333333333,63.0433944258447
"386","614820f9e6",720032.587412746,9676947.02112043,2600,16.01528,3,1685462455,0.0559647927151153,0.000833333333333333,67.1577512581384
"387","614820f9e6",719981.298177167,9676950.69486485,2599,16.01611,3,1685462458,0.0514206387009346,0.000833333333333333,61.7047664411215
"388","614820f9e6",719925.11784799,9676955.28411096,2600,16.01694,3,1685462461,0.056367460172455,0.000833333333333333,67.640952206946
"389","614820f9e6",719870.28653332,9676955.54652319,2598,16.01778,3,1685462464,0.0548319425937773,0.000833333333333333,65.7983311125328
"390","614820f9e6",719819.859216104,9676949.7956232,2621,16.01861,3,1685462467,0.0507541837905964,0.000833333333333333,60.9050205487157
"391","614820f9e6",719768.902050293,9676939.93134739,2610,16.01944,3,1685462470,0.0519031471563124,0.000833333333333333,62.2837765875749
"392","614820f9e6",719719.135031842,9676930.24192166,2607,16.02028,3,1685462473,0.0507014900808488,0.000833333333333333,60.8417880970186
"393","614820f9e6",719668.717039419,9676917.11399245,2607,16.02111,3,1685462476,0.0520991025398016,0.000833333333333333,62.5189230477619
"394","614820f9e6",719615.686589778,9676904.3666804,2610,16.02194,3,1685462479,0.0545410171654148,0.000833333333333333,65.4492205984977
"395","614820f9e6",719567.994537744,9676885.79245663,2617,16.02278,3,1685462482,0.0511813795838171,0.000833333333333333,61.4176555005805
"396","614820f9e6",719520.410247145,9676871.57563808,2606,16.02361,3,1685462485,0.0496626886258814,0.000833333333333333,59.5952263510576
"397","614820f9e6",719472.886030542,9676853.5651562,2599,16.02444,3,1685462488,0.0508225208072556,0.000833333333333333,60.9870249687067
"398","614820f9e6",719423.462093,9676836.54233463,2596,16.02528,3,1685462491,0.0522733398233335,0.000833333333333333,62.7280077880001
"399","614820f9e6",719377.456639863,9676822.18999257,2594,16.02611,3,1685462494,0.0481922342400582,0.000833333333333333,57.8306810880698
"400","614820f9e6",719329.104381987,9676807.52102583,2592,16.02722,3,1685462498,0.0505284021793828,0.00111111111111111,45.4755619614445
"401","614820f9e6",719296.778144694,9676800.5658285,2601,16.02833,3,1685462502,0.0330660004755577,0.00111111111111111,29.7594004280019
"402","614820f9e6",719277.023358997,9676797.09453493,2594,16.03278,3,1685462518,0.0200574534018951,0.00444444444444444,4.51292701542639
"403","614820f9e6",719250.385263367,9676799.85098396,2592,16.03361,3,1685462521,0.026780331402744,0.000833333333333333,32.1363976832928
"404","614820f9e6",719218.104081613,9676786.87911213,2592.1,16.03472,3,1685462525,0.0347900007798315,0.00111111111111111,31.3110007018483
"405","614820f9e6",719192.615731281,9676766.80592402,2588,16.03556,3,1685462528,0.0324436262354781,0.000833333333333333,38.9323514825737
"406","614820f9e6",719156.962095937,9676752.01508598,2586,16.03639,3,1685462531,0.0385998782806032,0.000833333333333333,46.3198539367239
"407","614820f9e6",719117.70138313,9676741.11259323,2585,16.03722,3,1685462534,0.040746385339754,0.000833333333333333,48.8956624077048
"408","614820f9e6",719067.08828106,9676724.35721803,2592.1,16.03833,3,1685462538,0.0533144323711098,0.00111111111111111,47.9829891339988
"409","614820f9e6",719024.723187935,9676712.30992777,2593,16.03917,3,1685462541,0.0440447308786759,0.000833333333333333,52.8536770544111
"410","614820f9e6",718981.234595798,9676700.02128234,2592,16.04,3,1685462544,0.045191464377769,0.000833333333333333,54.2297572533228
"411","614820f9e6",718937.368960853,9676688.30840223,2591,16.04083,3,1685462547,0.0454024832982787,0.000833333333333333,54.4829799579345
"412","614820f9e6",718894.767975891,9676681.21631989,2590,16.04167,3,1685462550,0.0431872846058163,0.000833333333333333,51.8247415269795
"413","614820f9e6",718850.761902531,9676678.17460113,2588,16.0425,3,1685462553,0.0441110705556182,0.000833333333333333,52.9332846667419
"414","614820f9e6",718805.377795938,9676675.58873842,2587,16.04333,3,1685462556,0.0454577146062687,0.000833333333333333,54.5492575275225
"415","614820f9e6",718757.237107133,9676673.62704394,2588,16.04417,3,1685462559,0.0481806409655148,0.000833333333333333,57.8167691586178
"416","614820f9e6",718709.084246868,9676671.05706109,2588,16.045,3,1685462562,0.0482213932147489,0.000833333333333333,57.8656718576987
"417","614820f9e6",718662.884084929,9676665.98411286,2588,16.04583,3,1685462565,0.0464778416765252,0.000833333333333333,55.7734100118302
"418","614820f9e6",718613.980618461,9676660.20805445,2587,16.04667,3,1685462568,0.0492433943122323,0.000833333333333333,59.0920731746788
"419","614820f9e6",718564.057997424,9676650.27526125,2587,16.0475,3,1685462571,0.0509011637568577,0.000833333333333333,61.0813965082292
"420","614820f9e6",718511.619681383,9676638.82059921,2586,16.04833,3,1685462574,0.0536748197180335,0.000833333333333333,64.4097836616401
"421","614820f9e6",718457.775465052,9676630.95177183,2592.1,16.04917,3,1685462577,0.054416156393388,0.000833333333333333,65.2993876720656
"422","614820f9e6",718392.42792663,9676613.53629559,2589,16.05028,3,1685462581,0.0676283933745334,0.00111111111111111,60.86555403708
"423","614820f9e6",718339.631401968,9676600.67761015,2588,16.05111,3,1685462584,0.0543398454882201,0.000833333333333333,65.2078145858641
"424","614820f9e6",718290.080929236,9676587.29341925,2587,16.05194,3,1685462587,0.0513262692397761,0.000833333333333333,61.5915230877313
"425","614820f9e6",718241.10073411,9676575.71097079,2592.1,16.05278,3,1685462590,0.0503310304575252,0.000833333333333333,60.3972365490303
"426","614820f9e6",718195.072117442,9676560.53996378,2582,16.05361,3,1685462593,0.0484643477824206,0.000833333333333333,58.1572173389047
"427","614820f9e6",718142.099495078,9676548.66585604,2581,16.05444,3,1685462596,0.054287136180182,0.000833333333333333,65.1445634162184
"428","614820f9e6",718091.3172126,9676536.64412627,2584,16.05528,3,1685462599,0.0521858429118821,0.000833333333333333,62.6230114942586
"429","614820f9e6",718041.312553595,9676524.17863069,2585,16.05611,3,1685462602,0.0515349832870377,0.000833333333333333,61.8419799444453
"430","614820f9e6",717992.530920841,9676511.62250625,2589,16.05694,3,1685462605,0.0503716582511681,0.000833333333333333,60.4459899014017
"431","614820f9e6",717947.642701932,9676499.93329264,2593,16.05778,3,1685462608,0.0463852337679041,0.000833333333333333,55.6622805214849
"432","614820f9e6",717899.194842445,9676493.82443057,2598,16.05889,3,1685462612,0.0488314784185894,0.00111111111111111,43.9483305767304
"433","614820f9e6",717873.394289691,9676511.2223331,2612,16.05972,3,1685462615,0.0311184115069031,0.000833333333333333,37.3420938082837
"434","614820f9e6",717849.311173051,9676531.49277638,2602,16.06083,3,1685462619,0.0314783636446954,0.00111111111111111,28.3305272802259
"435","614820f9e6",717829.259195735,9676542.36639702,2603,16.06167,3,1685462622,0.022810467338519,0.000833333333333333,27.3725608062228
"436","614820f9e6",717810.189136512,9676536.07348127,2608,16.06278,3,1685462626,0.0200815324971744,0.00111111111111111,18.073379247457
"437","614820f9e6",717787.698256944,9676532.08697445,2605,16.06389,3,1685462630,0.0228414513638482,0.00111111111111111,20.5573062274634
"438","614820f9e6",717768.116566681,9676544.82886724,2605,16.06472,3,1685462633,0.0233623291975293,0.000833333333333333,28.0347950370351
"439","614820f9e6",717733.185853879,9676561.70072536,2612,16.06583,3,1685462637,0.0387919359320231,0.00111111111111111,34.9127423388208
"440","614820f9e6",717705.008043726,9676574.08156752,2606,16.06694,3,1685462641,0.0307778205474764,0.00111111111111111,27.7000384927288
"441","614820f9e6",717678.347900087,9676589.55649514,2609,16.06806,3,1685462645,0.0308259086416593,0.00111111111111111,27.7433177774934
"442","614820f9e6",717661.743763718,9676600.86645,2618,16.06889,3,1685462648,0.0200901076002744,0.000833333333333333,24.1081291203293
"443","614820f9e6",717637.973698607,9676609.37971022,2602,16.07,3,1685462652,0.0252485959021979,0.00111111111111111,22.7237363119781
"444","614820f9e6",717614.069891783,9676604.96429923,2600,16.07083,3,1685462655,0.0243081845236094,0.000833333333333333,29.1698214283313
"445","614820f9e6",717577.757872441,9676607.67090527,2623,16.07194,3,1685462659,0.036412751406207,0.00111111111111111,32.7714762655863
"446","614820f9e6",717546.574752032,9676611.95010867,2614,16.07306,3,1685462663,0.0314753646544456,0.00111111111111111,28.327828189001
"447","614820f9e6",717515.455601481,9676627.41063583,2613,16.07444,3,1685462668,0.0347480852871856,0.00138888888888889,25.0186214067736
"448","614820f9e6",717493.99357948,9676639.52532598,2624,16.07639,3,1685462675,0.0246451639437499,0.00194444444444444,12.6746557424999
"449","614820f9e6",717477.91136061,9676656.81767452,2619,16.0775,3,1685462679,0.023614891101141,0.00111111111111111,21.2534019910269
"450","614820f9e6",717463.896458245,9676673.57554658,2616,16.07861,3,1685462683,0.0218459095577917,0.00111111111111111,19.6613186020125
"451","614820f9e6",717451.122397502,9676694.10263884,2613,16.07972,3,1685462687,0.024177223673523,0.00111111111111111,21.7595013061707
"452","614820f9e6",717442.232675677,9676716.69114033,2612,16.08083,3,1685462691,0.0242748337457306,0.00111111111111111,21.8473503711576
"453","614820f9e6",717435.532894426,9676738.92191179,2612,16.08194,3,1685462695,0.0232184036685296,0.00111111111111111,20.8965633016767
"454","614820f9e6",717434.483410335,9676762.0276237,2609,16.08306,3,1685462699,0.0231295339269885,0.00111111111111111,20.8165805342896
"455","614820f9e6",717434.980088134,9676785.44031665,2608,16.08444,3,1685462704,0.0234179606260121,0.00138888888888889,16.8609316507287
"456","614820f9e6",717436.406284942,9676806.25234236,2585.5,16.09333,3,1685462736,0.0208608353451083,0.00888888888888889,2.34684397632468
"457","614820f9e6",717415.316223205,9676814.88251423,2585.5,16.09472,3,1685462741,0.0227875090925199,0.00138888888888889,16.4070065466143
"458","614820f9e6",717389.85415083,9676822.3700746,2585.5,16.09556,3,1685462744,0.0265401712484734,0.000833333333333333,31.8482054981681
"459","614820f9e6",717354.851844599,9676836.48797964,2585.5,16.09667,3,1685462748,0.0377422400542754,0.00111111111111111,33.9680160488478
"460","614820f9e6",717325.933131988,9676844.8773794,2585.5,16.0975,3,1685462751,0.0301110273387149,0.000833333333333333,36.1332328064579
"461","614820f9e6",717289.726672135,9676857.13931059,2585.5,16.09861,3,1685462755,0.0382264658530892,0.00111111111111111,34.4038192677803
"462","614820f9e6",717256.334049301,9676869.72812491,2585.5,16.09972,3,1685462759,0.0356867693380301,0.00111111111111111,32.118092404227
"463","614820f9e6",717223.972720775,9676880.68934612,2585.5,16.10083,3,1685462763,0.0341672936332162,0.00111111111111111,30.7505642698946
"464","614820f9e6",717193.787776442,9676889.88826763,2585.5,16.10194,3,1685462767,0.0315555228341821,0.00111111111111111,28.3999705507639
"465","614820f9e6",717164.49320811,9676899.55014097,2585.5,16.10306,3,1685462771,0.0308467750383451,0.00111111111111111,27.7620975345106
"466","614820f9e6",717135.265664603,9676909.38884409,2585.5,16.10417,3,1685462775,0.0308390884850718,0.00111111111111111,27.7551796365646
"467","614820f9e6",717114.101736064,9676920.3084385,2585.5,16.105,3,1685462778,0.0238148989773534,0.000833333333333333,28.577878772824
"468","614820f9e6",717085.028615717,9676929.42797108,2585.5,16.10611,3,1685462782,0.0304698572557699,0.00111111111111111,27.422871530193
"469","614820f9e6",717064.300800917,9676935.35884248,2585.5,16.10778,3,1685462788,0.0215596275912666,0.00166666666666667,12.93577655476
"470","614820f9e6",717054.136178201,9676934.62444083,2585.5,16.10917,3,1685462793,0.0101911187179467,0.00138888888888889,7.3376054769216
"471","614820f9e6",717043.449460082,9676940.59315897,2585.5,16.11333,3,1685462808,0.0122405694430821,0.00416666666666667,2.93773666633971
"472","614820f9e6",717048.110167022,9676960.7027616,2585.5,16.11472,3,1685462813,0.0206426332427909,0.00138888888888889,14.8626959348094
"473","614820f9e6",717061.770413873,9676976.57190186,2585.5,16.11583,3,1685462817,0.0209387668344,0.00111111111111111,18.84489015096
"474","614820f9e6",717078.590957547,9676993.7737831,2585.5,16.11694,3,1685462821,0.0240589984824468,0.00111111111111111,21.6530986342021
"475","614820f9e6",717092.811572992,9677012.16357685,2585.5,16.11833,3,1685462826,0.0232467291823918,0.00138888888888889,16.7376450113221
"476","614820f9e6",717107.182082466,9677027.22412304,2613,16.12,3,1685462832,0.0208166182158135,0.00166666666666667,12.4899709294881
"477","614820f9e6",717094.869191163,9677044.4434441,2614,16.12194,3,1685462839,0.0211686634007029,0.00194444444444444,10.8867411775043
"478","614820f9e6",717073.715925927,9677048.71607957,2615,16.12333,3,1685462844,0.0215804551385353,0.00138888888888889,15.5379276997454
"479","614820f9e6",717050.945479726,9677056.60806033,2614,16.12472,3,1685462849,0.0240993066393845,0.00138888888888889,17.3515007803568
"480","614820f9e6",717029.365042802,9677064.6196257,2615,16.12611,3,1685462854,0.0230195664052724,0.00138888888888889,16.5740878117962
"481","614820f9e6",717008.970620253,9677064.04675555,2616,16.13861,3,1685462899,0.0204024667951563,0.0125,1.6321973436125
"482","614820f9e6",716999.202820889,9677061.30983786,2617.1,16.25667,3,1685463324,0.0101439944235142,0.118055555555556,0.0859255998227088
"483","614820f9e6",716991.362748027,9677054.48852293,2617.1,16.26361,3,1685463349,0.01039216434684,0.00694444444444444,1.49647166594496
"484","614820f9e6",717000.13657992,9677048.33512351,2617.1,16.26778,3,1685463364,0.0107165503099944,0.00416666666666667,2.57197207439866
"485","614820f9e6",716991.071314506,9677053.15079865,2617.1,16.27528,3,1685463391,0.0102649775526434,0.0075,1.36866367368578
"486","614820f9e6",716981.496486251,9677059.0843926,2617.1,16.27778,3,1685463400,0.0112643185850653,0.0025,4.50572743402612
"487","614820f9e6",716982.238463531,9677070.14285849,2617.1,16.28028,3,1685463409,0.0110833297404906,0.0025,4.43333189619624
"488","614820f9e6",716974.323969068,9677078.09750292,2616.6,16.28167,3,1685463414,0.0112212116415643,0.00138888888888889,8.07927238192628
"489","614820f9e6",716984.018906774,9677070.89183047,2617.1,16.28389,3,1685463422,0.0120794673962058,0.00222222222222222,5.43576032829259
"490","614820f9e6",716990.174216818,9677061.62412846,2617.1,16.285,3,1685463426,0.0111255625617877,0.00111111111111111,10.0130063056089
"491","614820f9e6",717000.126708784,9677055.45762305,2617.1,16.28611,3,1685463430,0.0117080265349313,0.00111111111111111,10.5372238814381
"492","614820f9e6",717011.964675233,9677052.89332233,2616.4,16.28722,3,1685463434,0.0121125178157209,0.00111111111111111,10.9012660341488
"493","614820f9e6",717034.172474528,9677047.56819076,2617.1,16.28944,3,1685463442,0.022837324180866,0.00222222222222222,10.2767958813897
"494","614820f9e6",717010.391451837,9677049.81038245,2616.6,16.29222,3,1685463452,0.0238864912406411,0.00277777777777778,8.5991368466308
"495","614820f9e6",717000.970070599,9677060.86437892,2617.1,16.29694,3,1685463469,0.0145242301823356,0.00472222222222222,3.0757193327299
"496","614820f9e6",717003.939678035,9677048.43911689,2617.5,16.35833,3,1685463690,0.0127751988218025,0.0613888888888889,0.208102786237507
"497","614820f9e6",716999.735198617,9677060.5236708,2617.1,16.36111,3,1685463700,0.0127950807073649,0.00277777777777778,4.60622905465137
"498","614820f9e6",716990.763096086,9677048.55047588,2617.5,16.36389,3,1685463710,0.0149618187485172,0.00277777777777778,5.3862547494662
"499","614820f9e6",716988.412013919,9677084.18908753,2617.1,16.37139,3,1685463737,0.0106215855927047,0.00166666666666667,6.37295135562281
"500","614820f9e6",716981.241591179,9677091.60051225,2617.1,16.37306,3,1685463743,0.0103123313925048,0.00166666666666667,6.18739883550288
"501","614820f9e6",716988.22782102,9677080.5728676,2617.1,16.37667,3,1685463756,0.0130543614929904,0.00361111111111111,3.61505395190503
"502","614820f9e6",717003.799002649,9677050.67343179,2617.5,16.38139,3,1685463773,0.0337110954911411,0.00472222222222222,7.13882022165341
"503","614820f9e6",717003.084351924,9677055.35294935,2617.1,16.38694,3,1685463793,0.26964197919014,0.00472222222222222,57.1006544167356
"504","614820f9e6",716998.948375588,9677042.85154824,2617.1,16.38806,3,1685463797,0.0131678141714277,0.00111111111111111,11.8510327542849
"505","614820f9e6",716997.132460057,9677072.9040562,2617.1,16.40306,3,1685463851,0.0301073210951174,0.015,2.00715473967449
"506","614820f9e6",717020.25339615,9677074.74406655,2617.1,16.40361,3,1685463853,0.0231940363875327,0.000555555555555556,41.7492654975588
"507","614820f9e6",717009.39243532,9677057.22215373,2617.1,16.405,3,1685463858,0.0206149920913019,0.00138888888888889,14.8427943057373
"508","614820f9e6",716992.0223197,9677043.70411671,2617.1,16.40611,3,1685463862,0.0220104121134845,0.00111111111111111,19.8093709021361
"509","614820f9e6",717011.727933517,9677031.82489829,2617.1,16.40861,3,1685463871,0.0230092817396378,0.0025,9.20371269585511
"510","614820f9e6",717002.352454845,9677050.10083647,2617.3,16.41528,3,1685463895,0.0205404361309826,0.00666666666666667,3.08106541964738
"511","614820f9e6",717002.271717866,9677061.23815036,2617.1,16.41944,3,1685463910,0.0111376065260656,0.00416666666666667,2.67302556625574
"512","614820f9e6",717003.103556375,9677047.20187623,2617.1,16.42056,3,1685463914,0.0140609013414441,0.00111111111111111,12.6548112072997
"513","614820f9e6",716998.01492414,9677056.00321808,2616.6,16.42861,3,1685463943,0.0101665036460471,0.00805555555555556,1.26204872847482
"514","614820f9e6",717008.24346648,9677055.12279536,2616.6,16.43917,3,1685463981,0.010266363649488,0.0105555555555556,0.972602872056758
"515","614820f9e6",717007.182571594,9677065.32173238,2616.9,16.49056,3,1685464166,0.0102539657831882,0.0513888888888889,0.199536631456634
"516","614820f9e6",717004.029173001,9677055.15223307,2616.9,16.50278,3,1685464210,0.0106471892417826,0.0122222222222222,0.87113366523676
"517","614820f9e6",717000.694308094,9677062.14778939,2616.9,16.55056,3,1685464382,0.00774978271034936,0.0477777777777778,0.162204754402661
"518","614820f9e6",716994.41631931,9677051.99477579,2616.9,16.55333,3,1685464392,0.0119372035324311,0.00277777777777778,4.29739327167518
"519","614820f9e6",717003.223875237,9677058.85864955,2616.9,16.55583,3,1685464401,0.011166279791304,0.0025,4.46651191652162
"520","614820f9e6",717000.150330294,9677069.061081,2617.1,16.57,3,1685464452,0.010655340726655,0.0141666666666667,0.752141698352119
"521","614820f9e6",717017.228741171,9677036.26136702,2616.9,16.57333,3,1685464464,0.0369796343363711,0.00333333333333333,11.0938903009113
"522","614820f9e6",717026.990107475,9677041.69687412,2616.9,16.57639,3,1685464475,0.0111726903454824,0.00305555555555556,3.6565168403397
"523","614820f9e6",717019.825298084,9677052.33774342,2616.9,16.57722,3,1685464478,0.0128281952436367,0.000833333333333333,15.3938342923641
"524","614820f9e6",717010.139638605,9677058.48166835,2616.9,16.57806,3,1685464481,0.0114699526186602,0.000833333333333333,13.7639431423922
"525","614820f9e6",717000.132508629,9677058.79765907,2616.9,16.58917,3,1685464521,0.0100121176826722,0.0111111111111111,0.901090591440497
"526","614820f9e6",716996.567550309,9677061.35865282,2617.1,16.63139,3,1685464673,0.0043894893547404,0.0422222222222222,0.103961589980694
"527","614820f9e6",716997.361305901,9677063.81254016,2617,16.63278,3,1685464678,0.00257907173678236,0.00138888888888889,1.8569316504833
"528","614820f9e6",716997.473731059,9677064.52016927,2617,16.63361,3,1685464681,0.00071650427567057,0.000833333333333333,0.859805130804684
"529","614820f9e6",717045.790493886,9677059.2160569,2626,6.38472,4,1685514185,0.0486070280734451,13.7511111111111,0.00353477094910315
