"user","tripid","ox","oy","dx","dy","olong","olat","dlong","dlat","starttime","endtime","mode","points","tdistance","ttime","date","wday","hour","day","departureseconds","arrivalseconds","stayindestination","dtrips","home"
"imendoza",1,722224.030815551,9677067.82225187,721911.795830824,9678556.65054026,-79.0007565,-2.919856,-79.0035881,-2.9063997,2019-12-20 16:06:30,2019-12-20 16:58:52,"in_vehicle",21,3858.00473902538,3141.44799995422,2019-12-20 16:06:30,6,16,"2019-12-20",1576875990.946,1576879132.394,0,25,"N"
"imendoza",2,721911.795830824,9678556.65054026,722195.805918909,9677060.1967499,-79.0035881,-2.9063997,-79.0010102,-2.9199254,2019-12-20 16:58:52,2019-12-20 17:36:37,"in_vehicle",13,5606.38205004713,2264.9279999733,2019-12-20 16:58:52,6,17,"2019-12-20",1576879132.394,1576881397.322,0,25,"N"
"imendoza",3,722195.805918909,9677060.1967499,722285.073591769,9677233.3935969,-79.0010102,-2.9199254,-79.0002102,-2.918358,2019-12-20 17:36:37,2019-12-20 17:51:37,"walking",3,144.415268846225,900.009000062943,2019-12-20 17:36:37,6,17,"2019-12-20",1576881397.322,1576882297.331,0,2,"N"
"imendoza",4,722285.073591769,9677233.3935969,722287.204540137,9677237.34931498,-79.0002102,-2.918358,-79.0001911,-2.9183222,2019-12-20 17:51:37,2019-12-20 18:52:20,"walking",3,28.6546706930307,3643.66399979591,2019-12-20 17:51:37,6,18,"2019-12-20",1576882297.331,1576885940.995,0,2,"N"
"imendoza",5,722287.204540137,9677237.34931498,723511.145180792,9678899.08916991,-79.0001911,-2.9183222,-78.9892111,-2.9032779,2019-12-20 18:52:20,2019-12-20 19:31:36,"in_vehicle",17,2844.44763241217,2355.62000012398,2019-12-20 18:52:20,6,19,"2019-12-20",1576885940.995,1576888296.615,0,25,"N"
"imendoza",6,723511.145180792,9678899.08916991,726553.276975018,9680375.12973189,-78.9892111,-2.9032779,-78.9618784,-2.8898833,2019-12-20 19:31:36,2019-12-20 20:16:45,"in_vehicle",20,3968.68982803904,2708.38499999046,2019-12-20 19:31:36,6,20,"2019-12-20",1576888296.615,1576891005,0,124,"Y"
"imendoza",7,726553.276975018,9680375.12973189,726565.794619599,9680385.26065646,-78.9618784,-2.8898833,-78.961766,-2.8897915,2019-12-20 20:16:45,2019-12-20 20:41:29,"walking",5,647.631411993115,1484.3029999733,2019-12-20 20:16:45,6,20,"2019-12-20",1576891005,1576892489.303,0,124,"Y"
"imendoza",8,726565.794619599,9680385.26065646,726567.903920356,9680383.25495187,-78.961766,-2.8897915,-78.961747,-2.8898096,2019-12-20 20:41:29,2019-12-20 20:56:34,"walking",3,1.63647101219227,905.572999954224,2019-12-20 20:41:29,6,20,"2019-12-20",1576892489.303,1576893394.876,0,124,"Y"
"imendoza",9,726567.903920356,9680383.25495187,726563.880824102,9680384.66683234,-78.961747,-2.8898096,-78.9617832,-2.8897969,2019-12-20 20:56:34,2019-12-20 21:51:36,"in_vehicle",3,2.79272134598994,3301.72099995613,2019-12-20 20:56:34,6,21,"2019-12-20",1576893394.876,1576896696.597,0,124,"Y"
"imendoza",10,726563.880824102,9680384.66683234,726563.748489545,9680385.28644833,-78.9617832,-2.8897969,-78.9617844,-2.8897913,2019-12-20 21:51:36,2019-12-21 08:41:37,"walking",3,1.97417268338287,39000.612000227,2019-12-20 21:51:36,6,8,"2019-12-20",1576896696.597,1576935697.209,0,124,"Y"
"imendoza",11,726563.748489545,9680385.28644833,726570.891712568,9680387.43039633,-78.9617844,-2.8897913,-78.9617202,-2.8897718,2019-12-21 08:41:37,2019-12-21 09:01:36,"walking",3,7.88929550429592,1199.43299984932,2019-12-21 08:41:37,7,9,"2019-12-21",1576935697.209,1576936896.642,0,124,"Y"
"imendoza",12,726570.891712568,9680387.43039633,726562.046300851,9680384.86920982,-78.9617202,-2.8897718,-78.9617997,-2.8897951,2019-12-21 09:01:36,2019-12-21 09:21:36,"walking",3,0.795918345463083,1200.13199996948,2019-12-21 09:01:36,7,9,"2019-12-21",1576936896.642,1576938096.774,0,124,"Y"
"imendoza",13,726562.046300851,9680384.86920982,726566.548352013,9680383.88782299,-78.9617997,-2.8897951,-78.9617592,-2.8898039,2019-12-21 09:21:36,2019-12-21 09:36:36,"walking",3,2.2861042535037,899.896000146866,2019-12-21 09:21:36,7,9,"2019-12-21",1576938096.774,1576938996.67,0,124,"Y"
"imendoza",14,726566.548352013,9680383.88782299,726568.297483479,9680385.67645831,-78.9617592,-2.8898039,-78.9617435,-2.8897877,2019-12-21 09:36:36,2019-12-21 10:14:28,"in_vehicle",9,1641.25868212347,2272.14599990845,2019-12-21 09:36:36,7,10,"2019-12-21",1576938996.67,1576941268.816,0,124,"Y"
"imendoza",15,726568.297483479,9680385.67645831,726564.681538902,9680384.68751635,-78.9617435,-2.8897877,-78.961776,-2.8897967,2019-12-21 10:14:28,2019-12-21 11:21:38,"walking",3,0.0676335251322125,4029.91899991035,2019-12-21 10:14:28,7,11,"2019-12-21",1576941268.816,1576945298.735,0,124,"Y"
"imendoza",16,726564.681538902,9680384.68751635,726564.103571212,9680384.85445832,-78.961776,-2.8897967,-78.9617812,-2.8897952,2019-12-21 11:21:38,2019-12-21 15:06:40,"walking",3,2.69996336283481,13501.7860000134,2019-12-21 11:21:38,7,15,"2019-12-21",1576945298.735,1576958800.521,0,124,"Y"
"imendoza",17,726564.103571212,9680384.85445832,726566.895091463,9680385.00429433,-78.9617812,-2.8897952,-78.9617561,-2.8897938,2019-12-21 15:06:40,2019-12-21 15:21:39,"walking",3,2.64516649586866,899.323000192642,2019-12-21 15:06:40,7,15,"2019-12-21",1576958800.521,1576959699.844,0,124,"Y"
"imendoza",18,726566.895091463,9680385.00429433,726564.189459193,9680383.13995287,-78.9617561,-2.8897938,-78.9617804,-2.8898107,2019-12-21 15:21:39,2019-12-21 15:36:46,"walking",3,2.07463413979695,906.155999898911,2019-12-21 15:21:39,7,15,"2019-12-21",1576959699.844,1576960606,0,124,"Y"
"imendoza",19,726564.189459193,9680383.13995287,726562.324749616,9680385.11203752,-78.9617804,-2.8898107,-78.9617972,-2.8897929,2019-12-21 15:36:46,2019-12-21 15:51:40,"walking",3,1.25001748170504,894.684000015259,2019-12-21 15:36:46,7,15,"2019-12-21",1576960606,1576961500.684,0,124,"Y"
"imendoza",20,726562.324749616,9680385.11203752,726573.608128208,9680389.10669279,-78.9617972,-2.8897929,-78.9616958,-2.8897566,2019-12-21 15:51:40,2019-12-21 16:16:42,"walking",3,11.7513834703484,1501.35699987411,2019-12-21 15:51:40,7,16,"2019-12-21",1576961500.684,1576963002.041,0,124,"Y"
"imendoza",21,726573.608128208,9680389.10669279,726564.548212117,9680384.75411755,-78.9616958,-2.8897566,-78.9617772,-2.8897961,2019-12-21 16:16:42,2019-12-21 16:41:41,"walking",3,0.0222410107398797,1499.00900006294,2019-12-21 16:16:42,7,16,"2019-12-21",1576963002.041,1576964501.05,0,124,"Y"
"imendoza",22,726564.548212117,9680384.75411755,726564.43730491,9680384.92022151,-78.9617772,-2.8897961,-78.9617782,-2.8897946,2019-12-21 16:41:41,2019-12-21 17:16:40,"walking",3,0.327201880527757,2099.23000001907,2019-12-21 16:41:41,7,17,"2019-12-21",1576964501.05,1576966600.28,0,124,"Y"
"imendoza",23,726564.43730491,9680384.92022151,726564.071281355,9680385.45177414,-78.9617782,-2.8897946,-78.9617815,-2.8897898,2019-12-21 17:16:40,2019-12-21 17:56:41,"walking",3,3.20899276376857,2401.46399998665,2019-12-21 17:16:40,7,17,"2019-12-21",1576966600.28,1576969001.744,0,124,"Y"
"imendoza",24,726564.071281355,9680385.45177414,726568.449856199,9680383.82910956,-78.9617815,-2.8897898,-78.9617421,-2.8898044,2019-12-21 17:56:41,2019-12-21 18:11:40,"walking",3,1.94672243536918,899.207999944687,2019-12-21 17:56:41,7,18,"2019-12-21",1576969001.744,1576969900.952,0,124,"Y"
"imendoza",25,726568.449856199,9680383.82910956,726565.00194935,9680383.52560667,-78.9617421,-2.8898044,-78.9617731,-2.8898072,2019-12-21 18:11:40,2019-12-21 19:06:42,"walking",3,1.00515023196961,3301.38499999046,2019-12-21 18:11:40,7,19,"2019-12-21",1576969900.952,1576973202.337,0,124,"Y"
"imendoza",26,726565.00194935,9680383.52560667,726563.911149334,9680382.97454725,-78.9617731,-2.8898072,-78.9617829,-2.8898122,2019-12-21 19:06:42,2019-12-21 19:54:14,"walking",3,2.00170975252604,2851.89700007439,2019-12-21 19:06:42,7,19,"2019-12-21",1576973202.337,1576976054.234,0,124,"Y"
"imendoza",27,726563.911149334,9680382.97454725,726615.545291931,9681264.96562031,-78.9617829,-2.8898122,-78.9613328,-2.881837,2019-12-21 19:54:14,2019-12-21 20:29:44,"in_vehicle",11,2411.36273964001,2130.34800004959,2019-12-21 19:54:14,7,20,"2019-12-21",1576976054.234,1576978184.582,0,25,"N"
"imendoza",28,726615.545291931,9681264.96562031,717398.523454912,9677472.21652793,-78.9613328,-2.881837,-79.0441584,-2.9162763,2019-12-21 20:29:44,2019-12-21 21:11:44,"in_vehicle",52,14557.7957359637,2520.19899988174,2019-12-21 20:29:44,7,21,"2019-12-21",1576978184.582,1576980704.781,0,2,"N"
"imendoza",29,717398.523454912,9677472.21652793,718938.144501602,9677772.6167848,-79.0441584,-2.9162763,-79.0303173,-2.9135359,2019-12-21 21:11:44,2019-12-21 21:31:40,"in_vehicle",9,1327.78007016733,1196.20100021362,2019-12-21 21:11:44,7,21,"2019-12-21",1576980704.781,1576981900.982,0,25,"N"
"imendoza",30,718938.144501602,9677772.6167848,717404.991029056,9677469.86061789,-79.0303173,-2.9135359,-79.0441002,-2.9162975,2019-12-21 21:31:40,2019-12-21 23:06:50,"on_bicycle",10,1580.26100687074,5709.52999997139,2019-12-21 21:31:40,7,23,"2019-12-21",1576981900.982,1576987610.512,0,2,"N"
"imendoza",31,717404.991029056,9677469.86061789,726564.826422754,9680384.86422169,-79.0441002,-2.9162975,-78.9617747,-2.8897951,2019-12-21 23:06:50,2019-12-22 04:56:43,"in_vehicle",62,24265.7787493949,20992.6410000324,2019-12-21 23:06:50,7,4,"2019-12-21",1576987610.512,1577008603.153,0,124,"Y"
"imendoza",32,726564.826422754,9680384.86422169,721861.229751902,9678473.09278159,-78.9617747,-2.8897951,-79.0040415,-2.907156,2019-12-22 04:56:43,2019-12-22 11:51:49,"in_vehicle",53,12696.5311844434,24906.5119998455,2019-12-22 04:56:43,1,11,"2019-12-22",1577008603.153,1577033509.665,0,4,"N"
"imendoza",33,721861.229751902,9678473.09278159,721856.674455571,9678487.8991735,-79.0040415,-2.907156,-79.0040827,-2.9070222,2019-12-22 11:51:49,2019-12-22 12:01:52,"walking",3,12.4202162649567,602.419000148773,2019-12-22 11:51:49,1,12,"2019-12-22",1577033509.665,1577034112.084,0,4,"N"
"imendoza",34,721856.674455571,9678487.8991735,721854.199829962,9678490.81233899,-79.0040827,-2.9070222,-79.004105,-2.9069959,2019-12-22 12:01:52,2019-12-22 12:21:41,"walking",3,8.11631251399088,1189.48099994659,2019-12-22 12:01:52,1,12,"2019-12-22",1577034112.084,1577035301.565,0,4,"N"
"imendoza",35,721854.199829962,9678490.81233899,722681.379856357,9678128.02540352,-79.004105,-2.9069959,-78.9966606,-2.9102628,2019-12-22 12:21:41,2019-12-22 12:42:26,"in_vehicle",8,1101.18196460408,1244.80099987984,2019-12-22 12:21:41,1,12,"2019-12-22",1577035301.565,1577036546.366,0,25,"N"
"imendoza",36,722681.379856357,9678128.02540352,726566.427713459,9680384.82816761,-78.9966606,-2.9102628,-78.9617603,-2.8897954,2019-12-22 12:42:26,2019-12-22 14:11:44,"in_vehicle",30,6857.59015718153,5357.94200015068,2019-12-22 12:42:26,1,14,"2019-12-22",1577036546.366,1577041904.308,0,124,"Y"
"imendoza",37,726566.427713459,9680384.82816761,726559.690166445,9680385.65872068,-78.9617603,-2.8897954,-78.9618209,-2.889788,2019-12-22 14:11:44,2019-12-22 17:21:45,"walking",3,5.5689496765624,11401.0519998074,2019-12-22 14:11:44,1,17,"2019-12-22",1577041904.308,1577053305.36,0,124,"Y"
"imendoza",38,726559.690166445,9680385.65872068,726564.542695282,9680381.67935535,-78.9618209,-2.889788,-78.9617772,-2.8898239,2019-12-22 17:21:45,2019-12-22 20:39:36,"walking",3,5.89995396848293,11870.6800000668,2019-12-22 17:21:45,1,20,"2019-12-22",1577053305.36,1577065176.04,0,124,"Y"
"imendoza",39,726564.542695282,9680381.67935535,726566.416751729,9680384.91666993,-78.9617772,-2.8898239,-78.9617604,-2.8897946,2019-12-22 20:39:36,2019-12-22 22:46:57,"in_vehicle",30,13727.4937123963,7641.43700003624,2019-12-22 20:39:36,1,22,"2019-12-22",1577065176.04,1577072817.477,0,124,"Y"
"imendoza",40,726566.416751729,9680384.91666993,726560.956552609,9680384.90434604,-78.9617604,-2.8897946,-78.9618095,-2.8897948,2019-12-22 22:46:57,2019-12-23 08:48:41,"walking",3,1.2579299558397,36104.135999918,2019-12-22 22:46:57,1,8,"2019-12-22",1577072817.477,1577108921.613,0,124,"Y"
"imendoza",41,726560.956552609,9680384.90434604,726561.914541772,9680385.80957437,-78.9618095,-2.8897948,-78.9618009,-2.8897866,2019-12-23 08:48:41,2019-12-23 13:13:44,"walking",3,0.800029361415892,15903.3080000877,2019-12-23 08:48:41,2,13,"2019-12-23",1577108921.613,1577124824.921,0,124,"Y"
"imendoza",42,726561.914541772,9680385.80957437,726561.313142448,9680385.3129385,-78.9618009,-2.8897866,-78.9618063,-2.8897911,2019-12-23 13:13:44,2019-12-23 15:48:51,"walking",3,0.232266578278762,9306.18700003624,2019-12-23 13:13:44,2,15,"2019-12-23",1577124824.921,1577134131.108,0,124,"Y"
"imendoza",43,726561.313142448,9680385.3129385,726553.532043859,9680380.93594782,-78.9618063,-2.8897911,-78.9618762,-2.8898308,2019-12-23 15:48:51,2019-12-28 20:03:47,"walking",4,28.8640034615495,447296.014999866,2019-12-23 15:48:51,2,20,"2019-12-23",1577134131.108,1577581427.123,0,124,"Y"
"imendoza",44,726553.532043859,9680380.93594782,726558.327751871,9680382.4757898,-78.9618762,-2.8898308,-78.9618331,-2.8898168,2019-12-28 20:03:47,2019-12-29 13:45:14,"walking",3,7.53928372574697,63687.7829999924,2019-12-28 20:03:47,7,13,"2019-12-28",1577581427.123,1577645114.906,0,124,"Y"
"imendoza",45,726558.327751871,9680382.4757898,726567.84305168,9680386.51785887,-78.9618331,-2.8898168,-78.9617476,-2.8897801,2019-12-29 13:45:14,2019-12-29 16:20:15,"walking",3,107.126666117573,9301.07100009918,2019-12-29 13:45:14,1,16,"2019-12-29",1577645114.906,1577654415.977,0,124,"Y"
"imendoza",46,726567.84305168,9680386.51785887,726568.917695537,9680396.65825471,-78.9617476,-2.8897801,-78.9617381,-2.8896884,2019-12-29 16:20:15,2019-12-29 17:45:38,"walking",3,12.2383611457987,5122.02300000191,2019-12-29 16:20:15,1,17,"2019-12-29",1577654415.977,1577659538,0,124,"Y"
"imendoza",47,726568.917695537,9680396.65825471,726563.52637746,9680385.45275181,-78.9617381,-2.8896884,-78.9617864,-2.8897898,2019-12-29 17:45:38,2019-12-29 19:39:35,"in_vehicle",13,2741.49441898912,6837.68899989128,2019-12-29 17:45:38,1,19,"2019-12-29",1577659538,1577666375.689,0,124,"Y"
"imendoza",48,726563.52637746,9680385.45275181,726564.270636507,9680384.99794287,-78.9617864,-2.8897898,-78.9617797,-2.8897939,2019-12-29 19:39:35,2019-12-29 21:53:18,"walking",3,1.19241023317272,8022.59300017357,2019-12-29 19:39:35,1,21,"2019-12-29",1577666375.689,1577674398.282,0,124,"Y"
"imendoza",49,726564.270636507,9680384.99794287,726565.460389779,9680384.91838587,-78.9617797,-2.8897939,-78.961769,-2.8897946,2019-12-29 21:53:18,2019-12-30 13:05:18,"walking",4,29.4499425892472,54719.9759998322,2019-12-29 21:53:18,1,13,"2019-12-29",1577674398.282,1577729118.258,0,124,"Y"
"imendoza",50,726565.460389779,9680384.91838587,726565.460389779,9680384.91838587,-78.961769,-2.8897946,-78.961769,-2.8897946,2019-12-30 13:05:18,2019-12-30 15:05:19,"on_bicycle",3,84.1722411214988,7201.55100011826,2019-12-30 13:05:18,2,15,"2019-12-30",1577729118.258,1577736319.809,0,124,"Y"
"imendoza",51,726565.460389779,9680384.91838587,726564.084418297,9680392.77368985,-78.961769,-2.8897946,-78.9617815,-2.8897236,2019-12-30 15:05:19,2019-12-30 17:05:31,"walking",3,50.7318682801613,7211.67599987984,2019-12-30 15:05:19,2,17,"2019-12-30",1577736319.809,1577743531.485,0,124,"Y"
"imendoza",52,726564.084418297,9680392.77368985,726562.522048382,9680377.31415006,-78.9617815,-2.8897236,-78.9617953,-2.8898634,2019-12-30 17:05:31,2019-12-30 17:28:48,"walking",3,13.1550184970297,1397.30200004578,2019-12-30 17:05:31,2,17,"2019-12-30",1577743531.485,1577744928.787,0,124,"Y"
"imendoza",53,726562.522048382,9680377.31415006,726565.460389779,9680384.91838587,-78.9617953,-2.8898634,-78.961769,-2.8897946,2019-12-30 17:28:48,2019-12-30 18:05:13,"walking",3,21.945106703865,2185.00100016594,2019-12-30 17:28:48,2,18,"2019-12-30",1577744928.787,1577747113.788,0,124,"Y"
"imendoza",54,726565.460389779,9680384.91838587,726564.481124391,9680390.74893747,-78.961769,-2.8897946,-78.9617779,-2.8897419,2019-12-30 18:05:13,2019-12-30 18:20:22,"walking",3,6.05637579647866,908.930999994278,2019-12-30 18:05:13,2,18,"2019-12-30",1577747113.788,1577748022.719,0,124,"Y"
"imendoza",55,726564.481124391,9680390.74893747,726565.664983916,9680387.38447267,-78.9617779,-2.8897419,-78.9617672,-2.8897723,2019-12-30 18:20:22,2019-12-30 19:30:24,"walking",3,38.0949271587351,4202.00699996948,2019-12-30 18:20:22,2,19,"2019-12-30",1577748022.719,1577752224.726,0,124,"Y"
"imendoza",56,726565.664983916,9680387.38447267,726565.374204128,9680386.46698689,-78.9617672,-2.8897723,-78.9617698,-2.8897806,2019-12-30 19:30:24,2019-12-30 21:49:13,"walking",3,1.550997450562,8328.70000004768,2019-12-30 19:30:24,2,21,"2019-12-30",1577752224.726,1577760553.426,0,124,"Y"
"imendoza",57,726565.374204128,9680386.46698689,726566.499643092,9680381.5320598,-78.9617698,-2.8897806,-78.9617596,-2.8898252,2019-12-30 21:49:13,2019-12-31 08:31:40,"walking",3,3.54221000320745,38547.0389997959,2019-12-30 21:49:13,2,8,"2019-12-30",1577760553.426,1577799100.465,0,124,"Y"
"imendoza",58,726566.499643092,9680381.5320598,726926.021629705,9680403.56019831,-78.9617596,-2.8898252,-78.958527,-2.8896202,2019-12-31 08:31:40,2019-12-31 12:30:36,"walking",6,733.74807150891,14336.5090000629,2019-12-31 08:31:40,3,12,"2019-12-31",1577799100.465,1577813436.974,0,15,"N"
"imendoza",59,726926.021629705,9680403.56019831,726561.311502898,9680378.20114856,-78.958527,-2.8896202,-78.9618062,-2.8898554,2019-12-31 12:30:36,2019-12-31 13:30:36,"on_bicycle",7,1180.74737982074,3599.56500005722,2019-12-31 12:30:36,3,13,"2019-12-31",1577813436.974,1577817036.539,0,124,"Y"
"imendoza",60,726561.311502898,9680378.20114856,726585.752165169,9680383.14550392,-78.9618062,-2.8898554,-78.9615865,-2.8898103,2019-12-31 13:30:36,2019-12-31 14:20:27,"walking",3,20.3690760434391,2991.11800003052,2019-12-31 13:30:36,3,14,"2019-12-31",1577817036.539,1577820027.657,0,124,"Y"
"imendoza",61,726585.752165169,9680383.14550392,726939.391307965,9680417.48327968,-78.9615865,-2.8898103,-78.958407,-2.8894941,2019-12-31 14:20:27,2019-12-31 14:50:27,"walking",3,6.08930356137522,1800.01300001144,2019-12-31 14:20:27,3,14,"2019-12-31",1577820027.657,1577821827.67,0,15,"N"
"imendoza",62,726939.391307965,9680417.48327968,726931.866456619,9680419.57614822,-78.958407,-2.8894941,-78.9584747,-2.8894753,2019-12-31 14:50:27,2019-12-31 15:05:27,"walking",3,5.73740969967456,900.087999820709,2019-12-31 14:50:27,3,15,"2019-12-31",1577821827.67,1577822727.758,0,15,"N"
"imendoza",63,726931.866456619,9680419.57614822,726930.584606965,9680411.72560027,-78.9584747,-2.8894753,-78.9584861,-2.8895463,2019-12-31 15:05:27,2019-12-31 16:00:31,"walking",3,8.10111179286578,3303.54200005531,2019-12-31 15:05:27,3,16,"2019-12-31",1577822727.758,1577826031.3,0,15,"N"
"imendoza",64,726930.584606965,9680411.72560027,726949.453305147,9680403.93838344,-78.9584861,-2.8895463,-78.9583163,-2.8896164,2019-12-31 16:00:31,2019-12-31 16:35:27,"walking",3,18.4815375490942,2096.51900005341,2019-12-31 16:00:31,3,16,"2019-12-31",1577826031.3,1577828127.819,0,15,"N"
"imendoza",65,726949.453305147,9680403.93838344,726926.469133325,9680405.05254191,-78.9583163,-2.8896164,-78.958523,-2.8896067,2019-12-31 16:35:27,2019-12-31 17:14:46,"walking",3,13.1321160967242,2359.0680000782,2019-12-31 16:35:27,3,17,"2019-12-31",1577828127.819,1577830486.887,0,15,"N"
"imendoza",66,726926.469133325,9680405.05254191,726935.707546139,9680409.70340993,-78.958523,-2.8896067,-78.95844,-2.8895645,2019-12-31 17:14:46,2019-12-31 18:00:36,"walking",3,6.9059998135908,2749.46299982071,2019-12-31 17:14:46,3,18,"2019-12-31",1577830486.887,1577833236.35,0,15,"N"
"imendoza",67,726935.707546139,9680409.70340993,726560.798742441,9680383.72117376,-78.95844,-2.8895645,-78.9618109,-2.8898055,2019-12-31 18:00:36,2019-12-31 18:50:27,"in_vehicle",6,790.944347110599,2991.61900019646,2019-12-31 18:00:36,3,18,"2019-12-31",1577833236.35,1577836227.969,0,124,"Y"
"imendoza",68,726560.798742441,9680383.72117376,726938.947302348,9680405.56101538,-78.9618109,-2.8898055,-78.9584108,-2.8896019,2019-12-31 18:50:27,2019-12-31 20:02:14,"walking",5,490.114890766667,4306.03099989891,2019-12-31 18:50:27,3,20,"2019-12-31",1577836227.969,1577840534,0,15,"N"
"imendoza",69,726938.947302348,9680405.56101538,726934.031250487,9680411.32123397,-78.9584108,-2.8896019,-78.9584551,-2.8895499,2019-12-31 20:02:14,2019-12-31 20:21:22,"walking",3,13.8867553835486,1148.06200003624,2019-12-31 20:02:14,3,20,"2019-12-31",1577840534,1577841682.062,0,15,"N"
"imendoza",70,726934.031250487,9680411.32123397,726932.559198898,9680402.82952725,-78.9584551,-2.8895499,-78.9584682,-2.8896267,2019-12-31 20:21:22,2019-12-31 20:35:27,"walking",3,15.0990033099065,845.77799987793,2019-12-31 20:21:22,3,20,"2019-12-31",1577841682.062,1577842527.84,0,15,"N"
"imendoza",71,726932.559198898,9680402.82952725,726942.101513398,9680415.69769229,-78.9584682,-2.8896267,-78.9583826,-2.8895102,2019-12-31 20:35:27,2019-12-31 21:18:15,"walking",3,28.2923999611003,2567.86800003052,2019-12-31 20:35:27,3,21,"2019-12-31",1577842527.84,1577845095.708,0,15,"N"
"imendoza",72,726942.101513398,9680415.69769229,726938.968708574,9680405.09644203,-78.9583826,-2.8895102,-78.9584106,-2.8896061,2019-12-31 21:18:15,2019-12-31 22:05:29,"walking",3,15.0037387804629,2833.37800002098,2019-12-31 21:18:15,3,22,"2019-12-31",1577845095.708,1577847929.086,0,15,"N"
"imendoza",73,726938.968708574,9680405.09644203,726950.400607416,9680423.64623401,-78.9584106,-2.8896061,-78.9583081,-2.8894382,2019-12-31 22:05:29,2020-01-01 00:55:34,"walking",3,31.5877093919428,10205.0550000668,2019-12-31 22:05:29,3,0,"2019-12-31",1577847929.086,1577858134.141,0,15,"N"
"imendoza",74,726950.400607416,9680423.64623401,726935.93766809,9680413.99441388,-78.9583081,-2.8894382,-78.958438,-2.8895257,2020-01-01 00:55:34,2020-01-01 01:10:28,"walking",3,14.178529924184,894.033999919891,2020-01-01 00:55:34,4,1,"2020-01-01",1577858134.141,1577859028.175,0,15,"N"
"imendoza",75,726935.93766809,9680413.99441388,726943.897451446,9680424.96304225,-78.958438,-2.8895257,-78.9583666,-2.8894264,2020-01-01 01:10:28,2020-01-01 01:56:51,"walking",5,1075.85192587478,2783.27600002289,2020-01-01 01:10:28,4,1,"2020-01-01",1577859028.175,1577861811.451,0,15,"N"
"imendoza",76,726943.897451446,9680424.96304225,726554.679775732,9680382.22794729,-78.9583666,-2.8894264,-78.9618659,-2.8898191,2020-01-01 01:56:51,2020-01-01 03:10:29,"walking",5,848.18567559674,4417.78900003433,2020-01-01 01:56:51,4,3,"2020-01-01",1577861811.451,1577866229.24,0,124,"Y"
"imendoza",77,726554.679775732,9680382.22794729,724886.569559016,9679568.01376807,-78.9618659,-2.8898191,-78.9768532,-2.8972077,2020-01-01 03:10:29,2020-01-01 17:35:26,"in_vehicle",13,3039.24548330814,51897.0669999123,2020-01-01 03:10:29,4,17,"2020-01-01",1577866229.24,1577918126.307,0,3,"N"
"imendoza",78,724886.569559016,9679568.01376807,726561.744579203,9680384.05128667,-78.9768532,-2.8972077,-78.9618024,-2.8898025,2020-01-01 17:35:26,2020-01-01 19:35:29,"in_vehicle",143,42045.0868793744,7203.07700014114,2020-01-01 17:35:26,4,19,"2020-01-01",1577918126.307,1577925329.384,0,124,"Y"
"imendoza",79,726561.744579203,9680384.05128667,726560.44279517,9680377.47272537,-78.9618024,-2.8898025,-78.961814,-2.889862,2020-01-01 19:35:29,2020-01-01 19:48:44,"walking",3,8.97853639991011,794.615999937057,2020-01-01 19:35:29,4,19,"2020-01-01",1577925329.384,1577926124,0,124,"Y"
"imendoza",80,726560.44279517,9680377.47272537,726565.460389779,9680384.91838587,-78.961814,-2.889862,-78.961769,-2.8897946,2020-01-01 19:48:44,2020-01-01 20:05:39,"walking",3,3.26144097240074,1015.92700004578,2020-01-01 19:48:44,4,20,"2020-01-01",1577926124,1577927139.927,0,124,"Y"
"imendoza",81,726565.460389779,9680384.91838587,726565.004132268,9680384.7422392,-78.961769,-2.8897946,-78.9617731,-2.8897962,2020-01-01 20:05:39,2020-01-01 20:55:34,"walking",5,501.518427156023,2994.625,2020-01-01 20:05:39,4,20,"2020-01-01",1577927139.927,1577930134.552,0,124,"Y"
"imendoza",82,726565.004132268,9680384.7422392,726546.076178531,9680378.08469909,-78.9617731,-2.8897962,-78.9619432,-2.8898567,2020-01-01 20:55:34,2020-01-01 22:10:31,"walking",3,20.5535135862087,4497.08099985123,2020-01-01 20:55:34,4,22,"2020-01-01",1577930134.552,1577934631.633,0,124,"Y"
"imendoza",83,726546.076178531,9680378.08469909,722095.436038919,9677078.31458713,-78.9619432,-2.8898567,-79.0019131,-2.9197632,2020-01-01 22:10:31,2020-01-02 09:25:33,"in_vehicle",45,10228.1940674092,40501.7770001888,2020-01-01 22:10:31,4,9,"2020-01-01",1577934631.633,1577975133.41,0,8,"N"
"imendoza",84,722095.436038919,9677078.31458713,726558.473060055,9680376.69097602,-79.0019131,-2.9197632,-78.9618317,-2.8898691,2020-01-02 09:25:33,2020-01-02 12:10:43,"in_vehicle",36,10916.9938618215,9910.14800000191,2020-01-02 09:25:33,5,12,"2020-01-02",1577975133.41,1577985043.558,0,124,"Y"
"imendoza",85,726558.473060055,9680376.69097602,722245.868754702,9677248.27272231,-78.9618317,-2.8898691,-79.000563,-2.9182241,2020-01-02 12:10:43,2020-01-02 13:35:35,"in_vehicle",34,9915.79903860082,5091.9509999752,2020-01-02 12:10:43,5,13,"2020-01-02",1577985043.558,1577990135.509,0,5,"N"
"imendoza",86,722245.868754702,9677248.27272231,722109.674280373,9677156.05258737,-79.000563,-2.9182241,-79.0017863,-2.9190601,2020-01-02 13:35:35,2020-01-02 16:25:36,"walking",3,147.277000694741,10200.504999876,2020-01-02 13:35:35,5,16,"2020-01-02",1577990135.509,1578000336.014,0,24,"N"
"imendoza",87,722109.674280373,9677156.05258737,722122.277815642,9677058.53573,-79.0017863,-2.9190601,-79.0016714,-2.9199416,2020-01-02 16:25:36,2020-01-02 18:15:36,"walking",3,32.0231207355189,6599.99500012398,2020-01-02 16:25:36,5,18,"2020-01-02",1578000336.014,1578006936.009,0,10,"N"
"imendoza",88,722122.277815642,9677058.53573,726565.461441547,9680385.50458154,-79.0016714,-2.9199416,-78.961769,-2.8897893,2020-01-02 18:15:36,2020-01-02 20:50:35,"in_vehicle",35,8730.32645397894,9299.85399985313,2020-01-02 18:15:36,5,20,"2020-01-02",1578006936.009,1578016235.863,0,124,"Y"
"imendoza",89,726565.461441547,9680385.50458154,726566.295378912,9680385.44778361,-78.961769,-2.8897893,-78.9617615,-2.8897898,2020-01-02 20:50:35,2020-01-02 21:10:35,"walking",3,0.988670228858379,1200.02200007439,2020-01-02 20:50:35,5,21,"2020-01-02",1578016235.863,1578017435.885,0,124,"Y"
"imendoza",90,726566.295378912,9680385.44778361,726567.92282004,9680387.5905679,-78.9617615,-2.8897898,-78.9617469,-2.8897704,2020-01-02 21:10:35,2020-01-02 21:25:35,"walking",3,4.49530606364963,899.789999961853,2020-01-02 21:10:35,5,21,"2020-01-02",1578017435.885,1578018335.675,146998.113000154,124,"Y"
"imendoza",91,720680.120365253,9677175.22966418,720602.093492254,9677112.94489712,-79.0146424,-2.9189096,-79.0153431,-2.919474,2020-01-04 14:15:33,2020-01-04 15:01:05,"walking",5,1051.44288047118,2731.67999982834,2020-01-04 14:15:33,7,15,"2020-01-04",1578165333.788,1578168065.468,0,25,"N"
"imendoza",92,720602.093492254,9677112.94489712,726543.114826965,9680382.44778206,-79.0153431,-2.919474,-78.9619699,-2.8898173,2020-01-04 15:01:05,2020-01-04 16:25:45,"in_vehicle",44,16188.0285725772,5080.36000013351,2020-01-04 15:01:05,7,16,"2020-01-04",1578168065.468,1578173145.828,0,124,"Y"
"imendoza",93,726543.114826965,9680382.44778206,726564.841591539,9680387.12050206,-78.9619699,-2.8898173,-78.9617746,-2.8897747,2020-01-04 16:25:45,2020-01-04 16:55:42,"walking",3,1.25814867541464,1796.4889998436,2020-01-04 16:25:45,7,16,"2020-01-04",1578173145.828,1578174942.317,0,124,"Y"
"imendoza",94,726564.841591539,9680387.12050206,726565.885369523,9680386.25592345,-78.9617746,-2.8897747,-78.9617652,-2.8897825,2020-01-04 16:55:42,2020-01-04 18:25:49,"walking",3,1.40342957221733,5406.96399998665,2020-01-04 16:55:42,7,18,"2020-01-04",1578174942.317,1578180349.281,0,124,"Y"
"imendoza",95,726565.885369523,9680386.25592345,726566.065638997,9680387.56071911,-78.9617652,-2.8897825,-78.9617636,-2.8897707,2020-01-04 18:25:49,2020-01-04 19:42:30,"walking",3,1.31437013636089,4600.75400018692,2020-01-04 18:25:49,7,19,"2020-01-04",1578180349.281,1578184950.035,0,124,"Y"
"imendoza",96,726566.065638997,9680387.56071911,726566.063753758,9680386.50999101,-78.9617636,-2.8897707,-78.9617636,-2.8897802,2020-01-04 19:42:30,2020-01-04 20:49:32,"walking",3,0.577739809265814,4022.84799981117,2020-01-04 19:42:30,7,20,"2020-01-04",1578184950.035,1578188972.883,0,124,"Y"
"imendoza",97,726566.063753758,9680386.50999101,727026.737339243,9680779.37610087,-78.9617636,-2.8897802,-78.9576274,-2.8862207,2020-01-04 20:49:32,2020-01-05 11:29:40,"in_vehicle",5,604.512396902107,52807.6700000763,2020-01-04 20:49:32,7,11,"2020-01-04",1578188972.883,1578241780.553,0,25,"N"
"imendoza",98,727026.737339243,9680779.37610087,719621.131583419,9680361.27555948,-78.9576274,-2.8862207,-79.0242159,-2.8901193,2020-01-05 11:29:40,2020-01-05 12:20:53,"in_vehicle",35,13958.7510601022,3073.07500004768,2020-01-05 11:29:40,1,12,"2020-01-05",1578241780.553,1578244853.628,0,25,"N"
"imendoza",99,719621.131583419,9680361.27555948,719635.080922442,9680408.75359537,-79.0242159,-2.8901193,-79.0240912,-2.8896898,2020-01-05 12:20:53,2020-01-05 12:56:52,"walking",3,48.8275242631091,2158.71899986267,2020-01-05 12:20:53,1,12,"2020-01-05",1578244853.628,1578247012.347,0,25,"N"
"imendoza",100,719635.080922442,9680408.75359537,720850.049280366,9679516.12915911,-79.0240912,-2.8896898,-79.0131513,-2.8977414,2020-01-05 12:56:52,2020-01-05 13:25:52,"in_vehicle",13,2558.62857039488,1740.65000009537,2020-01-05 12:56:52,1,13,"2020-01-05",1578247012.347,1578248752.997,0,25,"N"
"imendoza",101,720850.049280366,9679516.12915911,721663.262694935,9678846.70759233,-79.0131513,-2.8977414,-79.0058277,-2.9037811,2020-01-05 13:25:52,2020-01-05 15:25:49,"in_vehicle",13,1996.02017400511,7196.35100007057,2020-01-05 13:25:52,1,15,"2020-01-05",1578248752.997,1578255949.348,15121.138999939,9,"N"
"imendoza",102,726564.671311423,9680385.1852496,726559.155450374,9680385.13984451,-78.9617761,-2.8897922,-78.9618257,-2.8897927,2020-01-05 19:37:50,2020-01-05 19:43:05,"still",2,5.86959514119259,314.681999921799,2020-01-05 19:37:50,1,19,"2020-01-05",1578271070.487,1578271385.169,0,124,"Y"
"imendoza",103,726559.155450374,9680385.13984451,722109.921178639,9677157.32405593,-78.9618257,-2.8897927,-79.0017841,-2.9190486,2020-01-05 19:43:05,2020-01-06 08:20:56,"on_bicycle",42,25067.4594891204,45471.745000124,2020-01-05 19:43:05,1,8,"2020-01-05",1578271385.169,1578316856.914,0,24,"N"
"imendoza",104,722109.921178639,9677157.32405593,722089.54064656,9677096.06540293,-79.0017841,-2.9190486,-79.0019664,-2.9196028,2020-01-06 08:20:56,2020-01-06 10:15:56,"walking",3,35.553064103395,6899.93700003624,2020-01-06 08:20:56,2,10,"2020-01-06",1578316856.914,1578323756.851,0,8,"N"
"imendoza",105,722089.54064656,9677096.06540293,722123.389118925,9677076.91558117,-79.0019664,-2.9196028,-79.0016617,-2.9197754,2020-01-06 10:15:56,2020-01-06 12:26:03,"walking",3,52.0161802278064,7806.50499987602,2020-01-06 10:15:56,2,12,"2020-01-06",1578323756.851,1578331563.356,0,10,"N"
"imendoza",106,722123.389118925,9677076.91558117,722112.42007692,9677155.58318603,-79.0016617,-2.9197754,-79.0017616,-2.9190643,2020-01-06 12:26:03,2020-01-06 12:55:29,"walking",3,25.9044185064446,1766.45700001717,2020-01-06 12:26:03,2,12,"2020-01-06",1578331563.356,1578333329.813,0,24,"N"
"imendoza",107,722112.42007692,9677155.58318603,722243.231716281,9677247.3704834,-79.0017616,-2.9190643,-79.0005867,-2.9182323,2020-01-06 12:55:29,2020-01-06 14:13:59,"walking",4,173.86682409301,4709.27999997139,2020-01-06 12:55:29,2,14,"2020-01-06",1578333329.813,1578338039.093,0,5,"N"
"imendoza",108,722243.231716281,9677247.3704834,726567.196277342,9680385.5235895,-79.0005867,-2.9182323,-78.9617534,-2.8897891,2020-01-06 14:13:59,2020-01-06 16:56:28,"on_bicycle",59,26615.1369905929,9748.94500017166,2020-01-06 14:13:59,2,16,"2020-01-06",1578338039.093,1578347788.038,0,124,"Y"
"imendoza",109,726567.196277342,9680385.5235895,726566.27462629,9680386.2773457,-78.9617534,-2.8897891,-78.9617617,-2.8897823,2020-01-06 16:56:28,2020-01-06 17:11:03,"walking",3,1.88667389216291,875.929999828339,2020-01-06 16:56:28,2,17,"2020-01-06",1578347788.038,1578348663.968,0,124,"Y"
"imendoza",110,726566.27462629,9680386.2773457,726565.517778239,9680385.91371272,-78.9617617,-2.8897823,-78.9617685,-2.8897856,2020-01-06 17:11:03,2020-01-06 18:10:59,"walking",3,0.239989197015538,3595.77999997139,2020-01-06 17:11:03,2,18,"2020-01-06",1578348663.968,1578352259.748,0,124,"Y"
"imendoza",111,726565.517778239,9680385.91371272,726566.933433956,9680387.78036872,-78.9617685,-2.8897856,-78.9617558,-2.8897687,2020-01-06 18:10:59,2020-01-06 19:26:05,"walking",3,2.04535416709069,4505.64400005341,2020-01-06 18:10:59,2,19,"2020-01-06",1578352259.748,1578356765.392,0,124,"Y"
"imendoza",112,726566.933433956,9680387.78036872,726566.553531499,9680386.77456019,-78.9617558,-2.8897687,-78.9617592,-2.8897778,2020-01-06 19:26:05,2020-01-06 20:46:00,"walking",3,0.906818171291008,4795.33800005913,2020-01-06 19:26:05,2,20,"2020-01-06",1578356765.392,1578361560.73,0,124,"Y"
"imendoza",113,726566.553531499,9680386.77456019,726568.370973481,9680389.4478995,-78.9617592,-2.8897778,-78.9617429,-2.8897536,2020-01-06 20:46:00,2020-01-06 21:06:09,"walking",3,4.37253940675142,1208.67499995232,2020-01-06 20:46:00,2,21,"2020-01-06",1578361560.73,1578362769.405,0,124,"Y"
"imendoza",114,726568.370973481,9680389.4478995,722109.575360449,9677156.70530684,-78.9617429,-2.8897536,-79.0017872,-2.9190542,2020-01-06 21:06:09,2020-01-07 08:28:13,"in_vehicle",21,18868.8201017019,40923.748000145,2020-01-06 21:06:09,2,8,"2020-01-06",1578362769.405,1578403693.153,0,24,"N"
"imendoza",115,722109.575360449,9677156.70530684,722122.31127369,9677058.59097085,-79.0017872,-2.9190542,-79.0016711,-2.9199411,2020-01-07 08:28:13,2020-01-07 10:28:13,"walking",3,34.0538550323803,7200.58899998665,2020-01-07 08:28:13,3,10,"2020-01-07",1578403693.153,1578410893.742,0,10,"N"
"imendoza",116,722122.31127369,9677058.59097085,722124.901428113,9677076.9128933,-79.0016711,-2.9199411,-79.0016481,-2.9197754,2020-01-07 10:28:13,2020-01-07 11:45:36,"walking",3,47.6751630428936,4642.78699994087,2020-01-07 10:28:13,3,11,"2020-01-07",1578410893.742,1578415536.529,0,10,"N"
"imendoza",117,722124.901428113,9677076.9128933,722109.543160081,9677157.35790777,-79.0016481,-2.9197754,-79.0017875,-2.9190483,2020-01-07 11:45:36,2020-01-07 12:24:09,"walking",3,39.4324798140627,2313.28799986839,2020-01-07 11:45:36,3,12,"2020-01-07",1578415536.529,1578417849.817,0,24,"N"
"imendoza",118,722109.543160081,9677157.35790777,722240.85476119,9677248.9009978,-79.0017875,-2.9190483,-79.0006081,-2.9182185,2020-01-07 12:24:09,2020-01-07 14:18:22,"walking",3,54.3068597058078,6852.35199999809,2020-01-07 12:24:09,3,14,"2020-01-07",1578417849.817,1578424702.169,855634.545000076,5,"N"
"imendoza",119,722114.769250616,9677157.19378125,726567.078655177,9680388.1450991,-79.0017405,-2.9190497,-78.9617545,-2.8897654,2020-01-17 11:58:56,2020-01-17 12:51:51,"in_vehicle",35,7417.39324847627,3175.19799995422,2020-01-17 11:58:56,6,12,"2020-01-17",1579280336.714,1579283511.912,0,124,"Y"
"imendoza",120,726567.078655177,9680388.1450991,722115.164912779,9677123.28292389,-78.9617545,-2.8897654,-79.0017364,-2.9193563,2020-01-17 12:51:51,2020-01-17 14:11:55,"in_vehicle",31,7634.64864563106,4803.29500007629,2020-01-17 12:51:51,6,14,"2020-01-17",1579283511.912,1579288315.207,0,24,"N"
"imendoza",121,722115.164912779,9677123.28292389,722114.343905483,9677124.33508883,-79.0017364,-2.9193563,-79.0017438,-2.9193468,2020-01-17 14:11:55,2020-01-17 14:46:55,"walking",3,15.488924750707,2100.65799999237,2020-01-17 14:11:55,6,14,"2020-01-17",1579288315.207,1579290415.865,0,24,"N"
"imendoza",122,722114.343905483,9677124.33508883,722228.936810367,9677081.50589529,-79.0017438,-2.9193468,-79.0007126,-2.9197322,2020-01-17 14:46:55,2020-01-17 15:42:17,"walking",3,109.544481775458,3321.99799990654,2020-01-17 14:46:55,6,15,"2020-01-17",1579290415.865,1579293737.863,0,25,"N"
"imendoza",123,722228.936810367,9677081.50589529,722333.716633046,9677210.76667641,-79.0007126,-2.9197322,-78.9997724,-2.9185618,2020-01-17 15:42:17,2020-01-17 16:16:55,"walking",3,149.20683353347,2078.01700019836,2020-01-17 15:42:17,6,16,"2020-01-17",1579293737.863,1579295815.88,0,5,"N"
"imendoza",124,722333.716633046,9677210.76667641,722139.00475122,9677078.72379704,-78.9997724,-2.9185618,-79.0015213,-2.9197588,2020-01-17 16:16:55,2020-01-17 17:37:01,"walking",6,827.430672369067,4805.4849998951,2020-01-17 16:16:55,6,17,"2020-01-17",1579295815.88,1579300621.365,0,10,"N"
"imendoza",125,722139.00475122,9677078.72379704,726566.733007192,9680387.63694402,-79.0015213,-2.9197588,-78.9617576,-2.88977,2020-01-17 17:37:01,2020-01-17 18:13:22,"in_vehicle",38,8370.92579568947,2181.22799992561,2020-01-17 17:37:01,6,18,"2020-01-17",1579300621.365,1579302802.593,0,124,"Y"
"imendoza",126,726566.733007192,9680387.63694402,722172.545172412,9677005.1479109,-78.9617576,-2.88977,-79.0012185,-2.9204235,2020-01-17 18:13:22,2020-01-17 19:40:15,"in_vehicle",51,19611.3782076654,5212.72399997711,2020-01-17 18:13:22,6,19,"2020-01-17",1579302802.593,1579308015.317,0,25,"N"
"imendoza",127,722172.545172412,9677005.1479109,722095.934233943,9677077.07497481,-79.0012185,-2.9204235,-79.0019086,-2.9197744,2020-01-17 19:40:15,2020-01-17 19:58:22,"walking",5,629.770501314561,1087.62900018692,2020-01-17 19:40:15,6,19,"2020-01-17",1579308015.317,1579309102.946,0,8,"N"
"imendoza",128,722095.934233943,9677077.07497481,722097.625758827,9677077.80193292,-79.0019086,-2.9197744,-79.0018934,-2.9197678,2020-01-17 19:58:22,2020-01-17 20:51:57,"walking",3,36.0836193389921,3214.45499992371,2020-01-17 19:58:22,6,20,"2020-01-17",1579309102.946,1579312317.401,0,8,"N"
"imendoza",129,722097.625758827,9677077.80193292,726568.299547346,9680386.82672909,-79.0018934,-2.9197678,-78.9617435,-2.8897773,2020-01-17 20:51:57,2020-01-17 22:26:57,"in_vehicle",26,11049.2839581518,5700.16700005531,2020-01-17 20:51:57,6,22,"2020-01-17",1579312317.401,1579318017.568,0,124,"Y"
"imendoza",130,726568.299547346,9680386.82672909,726573.131495115,9680389.97025388,-78.9617435,-2.8897773,-78.9617001,-2.8897488,2020-01-17 22:26:57,2020-01-18 11:31:58,"in_vehicle",46,14221.7400125511,47101.0239999294,2020-01-17 22:26:57,6,11,"2020-01-17",1579318017.568,1579365118.592,0,124,"Y"
"imendoza",131,726573.131495115,9680389.97025388,726565.897760069,9680386.96376242,-78.9617001,-2.8897488,-78.9617651,-2.8897761,2020-01-18 11:31:58,2020-01-18 17:57:29,"in_vehicle",8,1232.98994765102,23131.1819999218,2020-01-18 11:31:58,7,17,"2020-01-18",1579365118.592,1579388249.774,0,124,"Y"
"imendoza",132,726565.897760069,9680386.96376242,726566.844470052,9680387.78052834,-78.9617651,-2.8897761,-78.9617566,-2.8897687,2020-01-18 17:57:29,2020-01-19 21:35:05,"in_vehicle",111,53845.6178734843,99455.6660001278,2020-01-18 17:57:29,7,21,"2020-01-18",1579388249.774,1579487705.44,0,124,"Y"
"imendoza",133,726566.844470052,9680387.78052834,726557.395139112,9680383.31804822,-78.9617566,-2.8897687,-78.9618415,-2.8898092,2020-01-19 21:35:05,2020-01-19 22:05:17,"in_vehicle",3,4.79937376032932,1811.99199986458,2020-01-19 21:35:05,1,22,"2020-01-19",1579487705.44,1579489517.432,0,124,"Y"
"imendoza",134,726557.395139112,9680383.31804822,722110.142005084,9677156.43885853,-78.9618415,-2.8898092,-79.0017821,-2.9190566,2020-01-19 22:05:17,2020-01-20 08:47:03,"in_vehicle",22,13428.2385562157,38506.2860000134,2020-01-19 22:05:17,1,8,"2020-01-19",1579489517.432,1579528023.718,0,24,"N"
"imendoza",135,722110.142005084,9677156.43885853,722124.912508718,9677076.89075348,-79.0017821,-2.9190566,-79.001648,-2.9197756,2020-01-20 08:47:03,2020-01-20 10:17:04,"walking",3,82.7785438183773,5400.63100004196,2020-01-20 08:47:03,2,10,"2020-01-20",1579528023.718,1579533424.349,0,10,"N"
"imendoza",136,722124.912508718,9677076.89075348,722111.860428123,9677159.78700441,-79.001648,-2.9197756,-79.0017667,-2.9190263,2020-01-20 10:17:04,2020-01-20 10:41:53,"walking",3,66.9318337921987,1489.51300001144,2020-01-20 10:17:04,2,10,"2020-01-20",1579533424.349,1579534913.862,0,24,"N"
"imendoza",137,722111.860428123,9677159.78700441,722344.132663633,9677221.36582769,-79.0017667,-2.9190263,-78.9996789,-2.9184658,2020-01-20 10:41:53,2020-01-24 17:12:40,"walking",5,650.240351190656,369046.730000019,2020-01-20 10:41:53,2,17,"2020-01-20",1579534913.862,1579903960.592,0,5,"N"
"imendoza",138,722344.132663633,9677221.36582769,727008.140641323,9680790.04955731,-78.9996789,-2.9184658,-78.9577948,-2.8861245,2020-01-24 17:12:40,2020-01-24 18:22:25,"in_vehicle",44,9523.93595559963,4184.7009999752,2020-01-24 17:12:40,6,18,"2020-01-24",1579903960.592,1579908145.293,0,25,"N"
"imendoza",139,727008.140641323,9680790.04955731,724058.962420195,9679324.60534116,-78.9577948,-2.8861245,-78.9842916,-2.8994218,2020-01-24 18:22:25,2020-01-24 18:47:26,"in_vehicle",17,6149.02114273069,1501.14300012589,2020-01-24 18:22:25,6,18,"2020-01-24",1579908145.293,1579909646.436,0,25,"N"
"imendoza",140,724058.962420195,9679324.60534116,726565.818229858,9680386.02377696,-78.9842916,-2.8994218,-78.9617658,-2.8897846,2020-01-24 18:47:26,2020-01-24 19:57:27,"in_vehicle",71,21737.6836300469,4200.81299996376,2020-01-24 18:47:26,6,19,"2020-01-24",1579909646.436,1579913847.249,0,124,"Y"
"imendoza",141,726565.818229858,9680386.02377696,726566.118443342,9680386.00111764,-78.9617658,-2.8897846,-78.9617631,-2.8897848,2020-01-24 19:57:27,2020-01-24 20:11:23,"walking",3,0.706157287115752,836.226999998093,2020-01-24 19:57:27,6,20,"2020-01-24",1579913847.249,1579914683.476,0,124,"Y"
"imendoza",142,726566.118443342,9680386.00111764,736409.812289059,9718936.27327729,-78.9617631,-2.8897848,-78.873857,-2.5410949,2020-01-24 20:11:23,2020-01-25 15:12:37,"in_vehicle",179,134282.031272731,68473.8669998646,2020-01-24 20:11:23,6,15,"2020-01-24",1579914683.476,1579983157.343,0,25,"N"
"imendoza",143,736409.812289059,9718936.27327729,726565.473415356,9680385.98015431,-78.873857,-2.5410949,-78.9617689,-2.889785,2020-01-25 15:12:37,2020-01-25 19:12:33,"in_vehicle",314,245276.058922747,14396.4040000439,2020-01-25 15:12:37,7,19,"2020-01-25",1579983157.343,1579997553.747,0,124,"Y"
"imendoza",144,726565.473415356,9680385.98015431,726565.841641668,9680386.6762945,-78.9617689,-2.889785,-78.9617656,-2.8897787,2020-01-25 19:12:33,2020-01-25 22:42:37,"walking",3,11.4669509908661,12603.2820000648,2020-01-25 19:12:33,7,22,"2020-01-25",1579997553.747,1580010157.029,0,124,"Y"
"imendoza",145,726565.841641668,9680386.6762945,723630.853397549,9680672.28298838,-78.9617656,-2.8897787,-78.9881629,-2.8872437,2020-01-25 22:42:37,2020-01-26 10:54:52,"in_vehicle",39,7908.5032356029,43935.2699999809,2020-01-25 22:42:37,7,10,"2020-01-25",1580010157.029,1580054092.299,0,4,"N"
"imendoza",146,723630.853397549,9680672.28298838,723631.54673748,9680668.18950626,-78.9881629,-2.8872437,-78.9881566,-2.8872807,2020-01-26 10:54:52,2020-01-26 11:04:48,"walking",3,4.69223665280334,595.881999969482,2020-01-26 10:54:52,1,11,"2020-01-26",1580054092.299,1580054688.181,0,4,"N"
"imendoza",147,723631.54673748,9680668.18950626,723628.156362599,9680675.22976024,-78.9881566,-2.8872807,-78.9881872,-2.8872171,2020-01-26 11:04:48,2020-01-26 11:22:38,"walking",3,1.51490666124154,1069.95499992371,2020-01-26 11:04:48,1,11,"2020-01-26",1580054688.181,1580055758.136,0,4,"N"
"imendoza",148,723628.156362599,9680675.22976024,723630.352830618,9680665.91322801,-78.9881872,-2.8872171,-78.9881673,-2.8873013,2020-01-26 11:22:38,2020-01-26 11:32:35,"walking",3,2.70340233823916,597.09700012207,2020-01-26 11:22:38,1,11,"2020-01-26",1580055758.136,1580056355.233,0,4,"N"
"imendoza",149,723630.352830618,9680665.91322801,726564.724830172,9680384.02381879,-78.9881673,-2.8873013,-78.9617756,-2.8898027,2020-01-26 11:32:35,2020-01-26 12:07:36,"in_vehicle",21,11604.6401712875,2101.54999995232,2020-01-26 11:32:35,1,12,"2020-01-26",1580056355.233,1580058456.783,0,124,"Y"
"imendoza",150,726564.724830172,9680384.02381879,726555.810778935,9680374.19611797,-78.9617756,-2.8898027,-78.9618556,-2.8898917,2020-01-26 12:07:36,2020-01-26 13:07:44,"walking",3,14.7284951491287,3607.76399993896,2020-01-26 12:07:36,1,13,"2020-01-26",1580058456.783,1580062064.547,0,124,"Y"
"imendoza",151,726555.810778935,9680374.19611797,726566.886828625,9680386.59699688,-78.9618556,-2.8898917,-78.9617562,-2.8897794,2020-01-26 13:07:44,2020-01-26 13:21:52,"walking",3,1.3774136656062,848.088000059128,2020-01-26 13:07:44,1,13,"2020-01-26",1580062064.547,1580062912.635,0,124,"Y"
"imendoza",152,726566.886828625,9680386.59699688,726566.907878915,9680385.93333922,-78.9617562,-2.8897794,-78.961756,-2.8897854,2020-01-26 13:21:52,2020-01-26 15:22:40,"walking",3,1.83491678695563,7248.12400007248,2020-01-26 13:21:52,1,15,"2020-01-26",1580062912.635,1580070160.759,0,124,"Y"
"imendoza",153,726566.907878915,9680385.93333922,726565.551873955,9680386.3228838,-78.961756,-2.8897854,-78.9617682,-2.8897819,2020-01-26 15:22:40,2020-01-26 16:07:40,"walking",3,0.466226696453262,2699.70399999619,2020-01-26 15:22:40,1,16,"2020-01-26",1580070160.759,1580072860.463,0,124,"Y"
"imendoza",154,726565.551873955,9680386.3228838,726566.640848292,9680385.85639602,-78.9617682,-2.8897819,-78.9617584,-2.8897861,2020-01-26 16:07:40,2020-01-26 17:28:00,"walking",3,1.06847311113471,4819.63999986649,2020-01-26 16:07:40,1,17,"2020-01-26",1580072860.463,1580077680.103,0,124,"Y"
"imendoza",155,726566.640848292,9680385.85639602,726565.962597754,9680385.91291461,-78.9617584,-2.8897861,-78.9617645,-2.8897856,2020-01-26 17:28:00,2020-01-26 18:47:41,"walking",3,11.3024593328414,4781.68400001526,2020-01-26 17:28:00,1,18,"2020-01-26",1580077680.103,1580082461.787,0,124,"Y"
"imendoza",156,726565.962597754,9680385.91291461,726566.497472631,9680386.52027315,-78.9617645,-2.8897856,-78.9617597,-2.8897801,2020-01-26 18:47:41,2020-01-26 19:28:44,"walking",3,1.23496603816622,2462.47699999809,2020-01-26 18:47:41,1,19,"2020-01-26",1580082461.787,1580084924.264,0,124,"Y"
"imendoza",157,726566.497472631,9680386.52027315,724881.949396719,9679565.09105674,-78.9617597,-2.8897801,-78.9768947,-2.8972342,2020-01-26 19:28:44,2020-01-26 20:22:40,"in_vehicle",14,2359.16807226512,3236.61100006104,2020-01-26 19:28:44,1,20,"2020-01-26",1580084924.264,1580088160.875,0,3,"N"
"imendoza",158,724881.949396719,9679565.09105674,724869.081660127,9679558.02442521,-78.9768947,-2.8972342,-78.9770103,-2.8972983,2020-01-26 20:22:40,2020-01-26 20:37:41,"walking",3,27.9853683197324,900.444000005722,2020-01-26 20:22:40,1,20,"2020-01-26",1580088160.875,1580089061.319,0,3,"N"
"imendoza",159,724869.081660127,9679558.02442521,726565.841621823,9680386.6652342,-78.9770103,-2.8972983,-78.9617656,-2.8897788,2020-01-26 20:37:41,2020-01-26 21:22:43,"in_vehicle",13,2177.75452530248,2702.39899992943,2020-01-26 20:37:41,1,21,"2020-01-26",1580089061.319,1580091763.718,0,124,"Y"
"imendoza",160,726565.841621823,9680386.6652342,726566.357676441,9680382.98121793,-78.9617656,-2.8897788,-78.9617609,-2.8898121,2020-01-26 21:22:43,2020-01-27 06:35:14,"walking",3,2.42318912217622,33150.4019999504,2020-01-26 21:22:43,1,6,"2020-01-26",1580091763.718,1580124914.12,0,124,"Y"
"imendoza",161,726566.357676441,9680382.98121793,722109.642866052,9677157.14758942,-78.9617609,-2.8898121,-79.0017866,-2.9190502,2020-01-27 06:35:14,2020-01-27 08:51:14,"in_vehicle",32,9907.64973929697,8160.50800013542,2020-01-27 06:35:14,2,8,"2020-01-27",1580124914.12,1580133074.628,0,24,"N"
"imendoza",162,722109.642866052,9677157.14758942,722109.064826371,9677157.25921709,-79.0017866,-2.9190502,-79.0017918,-2.9190492,2020-01-27 08:51:14,2020-01-27 09:11:15,"walking",3,43.5525689939043,1200.43799996376,2020-01-27 08:51:14,2,9,"2020-01-27",1580133074.628,1580134275.066,0,24,"N"
"imendoza",163,722109.064826371,9677157.25921709,722089.540626907,9677096.05434291,-79.0017918,-2.9190492,-79.0019664,-2.9196029,2020-01-27 09:11:15,2020-01-27 10:01:14,"walking",3,54.893397418135,2999.78299999237,2020-01-27 09:11:15,2,10,"2020-01-27",1580134275.066,1580137274.849,0,8,"N"
"imendoza",164,722089.540626907,9677096.05434291,722089.540705519,9677096.09858301,-79.0019664,-2.9196029,-79.0019664,-2.9196025,2020-01-27 10:01:14,2020-01-27 11:56:16,"walking",3,1.1731573446267,6901.23000001907,2020-01-27 10:01:14,2,11,"2020-01-27",1580137274.849,1580144176.079,0,8,"N"
"imendoza",165,722089.540705519,9677096.09858301,726566.197338526,9680386.58717365,-79.0019664,-2.9196025,-78.9617624,-2.8897795,2020-01-27 11:56:16,2020-01-27 13:56:17,"in_vehicle",24,11739.7874953835,7201.0759999752,2020-01-27 11:56:16,2,13,"2020-01-27",1580144176.079,1580151377.155,0,124,"Y"
"imendoza",166,726566.197338526,9680386.58717365,726566.722204217,9680387.81392871,-78.9617624,-2.8897795,-78.9617577,-2.8897684,2020-01-27 13:56:17,2020-01-27 14:16:16,"walking",3,4.16775939416282,1198.87199997902,2020-01-27 13:56:17,2,14,"2020-01-27",1580151377.155,1580152576.027,0,124,"Y"
"imendoza",167,726566.722204217,9680387.81392871,724942.416333179,9679369.04000092,-78.9617577,-2.8897684,-78.9763478,-2.8990058,2020-01-27 14:16:16,2020-01-27 15:36:14,"in_vehicle",14,4999.66334335867,4798.86599993706,2020-01-27 14:16:16,2,15,"2020-01-27",1580152576.027,1580157374.893,0,25,"N"
"imendoza",168,724942.416333179,9679369.04000092,722195.345940945,9677089.18600701,-78.9763478,-2.8990058,-79.0010148,-2.9196633,2020-01-27 15:36:14,2020-01-27 17:26:18,"in_vehicle",26,7524.56920028121,6603.86000013351,2020-01-27 15:36:14,2,17,"2020-01-27",1580157374.893,1580163978.753,0,25,"N"
"imendoza",169,722195.345940945,9677089.18600701,726566.196405825,9680386.06733975,-79.0010148,-2.9196633,-78.9617624,-2.8897842,2020-01-27 17:26:18,2020-01-27 18:46:17,"in_vehicle",25,17913.5596681614,4798.85699987411,2020-01-27 17:26:18,2,18,"2020-01-27",1580163978.753,1580168777.61,0,124,"Y"
"imendoza",170,726566.196405825,9680386.06733975,732883.794577801,9684033.30743915,-78.9617624,-2.8897842,-78.9050133,-2.8567056,2020-01-27 18:46:17,2020-01-27 19:39:33,"in_vehicle",41,27573.9424282836,3196.16800022125,2020-01-27 18:46:17,2,19,"2020-01-27",1580168777.61,1580171973.778,0,3,"N"
"imendoza",171,732883.794577801,9684033.30743915,732889.698224713,9684032.35651438,-78.9050133,-2.8567056,-78.9049602,-2.8567141,2020-01-27 19:39:33,2020-01-27 20:06:18,"walking",3,24.7641597186745,1604.97899985313,2020-01-27 19:39:33,2,20,"2020-01-27",1580171973.778,1580173578.757,0,3,"N"
"imendoza",172,732889.698224713,9684032.35651438,732853.076772323,9684075.5047849,-78.9049602,-2.8567141,-78.9052902,-2.8563246,2020-01-27 20:06:18,2020-01-27 20:26:24,"walking",3,71.934480057201,1206.16799998283,2020-01-27 20:06:18,2,20,"2020-01-27",1580173578.757,1580174784.925,0,25,"N"
"imendoza",173,732853.076772323,9684075.5047849,732890.542206353,9684031.68027152,-78.9052902,-2.8563246,-78.9049526,-2.8567202,2020-01-27 20:26:24,2020-01-27 20:41:19,"walking",3,45.8643100433993,894.516999959946,2020-01-27 20:26:24,2,20,"2020-01-27",1580174784.925,1580175679.442,0,3,"N"
"imendoza",174,732890.542206353,9684031.68027152,732333.426168384,9684234.50809487,-78.9049526,-2.8567202,-78.9099654,-2.8548956,2020-01-27 20:41:19,2020-01-27 21:31:18,"in_vehicle",10,4527.80988227582,2998.91100001335,2020-01-27 20:41:19,2,21,"2020-01-27",1580175679.442,1580178678.353,0,25,"N"
"imendoza",175,732333.426168384,9684234.50809487,726566.531310367,9680386.78566039,-78.9099654,-2.8548956,-78.9617594,-2.8897777,2020-01-27 21:31:18,2020-01-27 22:16:19,"in_vehicle",22,24567.8917725942,2700.8100001812,2020-01-27 21:31:18,2,22,"2020-01-27",1580178678.353,1580181379.163,0,124,"Y"
"imendoza",176,726566.531310367,9680386.78566039,722239.993544293,9677258.6132706,-78.9617594,-2.8897777,-79.000616,-2.9181307,2020-01-27 22:16:19,2020-01-28 09:16:20,"in_vehicle",19,5993.69145741866,39601.4849998951,2020-01-27 22:16:19,2,9,"2020-01-27",1580181379.163,1580220980.648,0,5,"N"
"imendoza",177,722239.993544293,9677258.6132706,722108.540381925,9677156.24262311,-79.000616,-2.9181307,-79.0017965,-2.9190584,2020-01-28 09:16:20,2020-01-28 09:46:20,"walking",7,871.424945331878,1800.00900006294,2020-01-28 09:16:20,3,9,"2020-01-28",1580220980.648,1580222780.657,0,24,"N"
"imendoza",178,722108.540381925,9677156.24262311,726565.952013072,9680386.21156255,-79.0017965,-2.9190584,-78.9617646,-2.8897829,2020-01-28 09:46:20,2020-01-28 13:26:20,"in_vehicle",23,5997.22423768713,13199.6519999504,2020-01-28 09:46:20,3,13,"2020-01-28",1580222780.657,1580235980.309,0,124,"Y"
"imendoza",179,726565.952013072,9680386.21156255,726566.842783255,9680386.8404032,-78.9617646,-2.8897829,-78.9617566,-2.8897772,2020-01-28 13:26:20,2020-01-28 14:06:20,"walking",3,0.938980313306493,2400.42199993134,2020-01-28 13:26:20,3,14,"2020-01-28",1580235980.309,1580238380.731,0,124,"Y"
"imendoza",180,726566.842783255,9680386.8404032,726566.63284342,9680387.59288241,-78.9617566,-2.8897772,-78.9617585,-2.8897704,2020-01-28 14:06:20,2020-01-28 14:41:21,"walking",3,1.65400569034145,2101.24300003052,2020-01-28 14:06:20,3,14,"2020-01-28",1580238380.731,1580240481.974,0,124,"Y"
"imendoza",181,726566.63284342,9680387.59288241,726567.744606867,9680393.62982863,-78.9617585,-2.8897704,-78.9617486,-2.8897158,2020-01-28 14:41:21,2020-01-28 15:11:32,"walking",3,3.81780900912947,1810.29399991035,2020-01-28 14:41:21,3,15,"2020-01-28",1580240481.974,1580242292.268,0,124,"Y"
"imendoza",182,726567.744606867,9680393.62982863,726565.662721631,9680386.12359896,-78.9617486,-2.8897158,-78.9617672,-2.8897837,2020-01-28 15:11:32,2020-01-28 15:38:27,"walking",3,1.56161734180644,1614.90300011635,2020-01-28 15:11:32,3,15,"2020-01-28",1580242292.268,1580243907.171,0,124,"Y"
"imendoza",183,726565.662721631,9680386.12359896,726566.128889108,9680385.62504763,-78.9617672,-2.8897837,-78.961763,-2.8897882,2020-01-28 15:38:27,2020-01-28 15:51:23,"walking",3,2.54510889187117,776.105999946594,2020-01-28 15:38:27,3,15,"2020-01-28",1580243907.171,1580244683.277,0,124,"Y"
"imendoza",184,726566.128889108,9680385.62504763,726571.903967346,9680393.78827082,-78.961763,-2.8897882,-78.9617112,-2.8897143,2020-01-28 15:51:23,2020-01-28 16:21:24,"in_vehicle",9,11386.7792897198,1800.7380001545,2020-01-28 15:51:23,3,16,"2020-01-28",1580244683.277,1580246484.015,0,124,"Y"
"imendoza",185,726571.903967346,9680393.78827082,722363.850030202,9677103.5077466,-78.9617112,-2.8897143,-78.9994997,-2.9195311,2020-01-28 16:21:24,2020-01-28 18:26:31,"in_vehicle",29,9912.40383182235,7507.81999993324,2020-01-28 16:21:24,3,18,"2020-01-28",1580246484.015,1580253991.835,0,25,"N"
"imendoza",186,722363.850030202,9677103.5077466,726565.885190921,9680386.15638079,-78.9994997,-2.9195311,-78.9617652,-2.8897834,2020-01-28 18:26:31,2020-01-28 19:51:23,"in_vehicle",25,6004.76867732378,5091.80999994278,2020-01-28 18:26:31,3,19,"2020-01-28",1580253991.835,1580259083.645,0,124,"Y"
"imendoza",187,726565.885190921,9680386.15638079,726568.403183955,9680388.80634248,-78.9617652,-2.8897834,-78.9617426,-2.8897594,2020-01-28 19:51:23,2020-01-28 20:16:24,"walking",3,1.30723269636371,1501.01399993896,2020-01-28 19:51:23,3,20,"2020-01-28",1580259083.645,1580260584.659,0,124,"Y"
"imendoza",188,726568.403183955,9680388.80634248,726566.331260653,9680386.85238132,-78.9617426,-2.8897594,-78.9617612,-2.8897771,2020-01-28 20:16:24,2020-01-28 22:11:40,"walking",4,7.27334892371368,6916.22699999809,2020-01-28 20:16:24,3,22,"2020-01-28",1580260584.659,1580267500.886,0,124,"Y"
"imendoza",189,726566.331260653,9680386.85238132,726566.453943223,9680387.05124716,-78.9617612,-2.8897771,-78.9617601,-2.8897753,2020-01-28 22:11:40,2020-01-29 07:31:25,"walking",5,519.823259479761,33584.3600001335,2020-01-28 22:11:40,3,7,"2020-01-28",1580267500.886,1580301085.246,0,124,"Y"
"imendoza",190,726566.453943223,9680387.05124716,722126.028053861,9677147.7174213,-78.9617601,-2.8897753,-79.0016391,-2.9191352,2020-01-29 07:31:25,2020-01-29 08:55:39,"in_vehicle",32,12900.9301420286,5054.11999988556,2020-01-29 07:31:25,4,8,"2020-01-29",1580301085.246,1580306139.366,0,24,"N"
"imendoza",191,722126.028053861,9677147.7174213,726570.452786966,9680390.71610237,-79.0016391,-2.9191352,-78.9617242,-2.8897421,2020-01-29 08:55:39,2020-01-29 10:06:36,"in_vehicle",27,10344.690536494,4257.40499997139,2020-01-29 08:55:39,4,10,"2020-01-29",1580306139.366,1580310396.771,0,124,"Y"
"imendoza",192,726570.452786966,9680390.71610237,722109.463139326,9677156.13038296,-78.9617242,-2.8897421,-79.0017882,-2.9190594,2020-01-29 10:06:36,2020-01-29 10:31:24,"in_vehicle",19,13121.7366857337,1487.94800019264,2020-01-29 10:06:36,4,10,"2020-01-29",1580310396.771,1580311884.719,0,24,"N"
"imendoza",193,722109.463139326,9677156.13038296,722124.950409302,9677079.44556093,-79.0017882,-2.9190594,-79.0016477,-2.9197525,2020-01-29 10:31:24,2020-01-29 11:51:28,"walking",3,12.8940848119753,4803.8029999733,2020-01-29 10:31:24,4,11,"2020-01-29",1580311884.719,1580316688.522,0,10,"N"
"imendoza",194,722124.950409302,9677079.44556093,722114.168260695,9677150.64729162,-79.0016477,-2.9197525,-79.0017458,-2.9191089,2020-01-29 11:51:28,2020-01-29 12:21:28,"walking",3,14.5757728988409,1800.15799999237,2020-01-29 11:51:28,4,12,"2020-01-29",1580316688.522,1580318488.68,0,24,"N"
"imendoza",195,722114.168260695,9677150.64729162,722125.046616114,9677077.26655731,-79.0017458,-2.9191089,-79.0016468,-2.9197722,2020-01-29 12:21:28,2020-01-29 13:46:26,"walking",3,48.4459550563477,5097.74499988556,2020-01-29 12:21:28,4,13,"2020-01-29",1580318488.68,1580323586.425,0,10,"N"
"imendoza",196,722125.046616114,9677077.26655731,721875.591275888,9678419.60313237,-79.0016468,-2.9197722,-79.0039115,-2.9076394,2020-01-29 13:46:26,2020-01-29 16:31:25,"in_vehicle",16,3570.66792755126,9898.9509999752,2020-01-29 13:46:26,4,16,"2020-01-29",1580323586.425,1580333485.376,0,25,"N"
"imendoza",197,721875.591275888,9678419.60313237,726566.254211023,9680387.29493281,-79.0039115,-2.9076394,-78.9617619,-2.8897731,2020-01-29 16:31:25,2020-01-29 18:15:05,"in_vehicle",49,23607.5593127736,6219.99100017548,2020-01-29 16:31:25,4,18,"2020-01-29",1580333485.376,1580339705.367,0,124,"Y"
"imendoza",198,726566.254211023,9680387.29493281,726570.148021553,9680394.39973962,-78.9617619,-2.8897731,-78.961727,-2.8897088,2020-01-29 18:15:05,2020-01-29 19:11:27,"walking",3,9.37881093094346,3381.75699996948,2020-01-29 18:15:05,4,19,"2020-01-29",1580339705.367,1580343087.124,0,124,"Y"
"imendoza",199,726570.148021553,9680394.39973962,722242.818234025,9677246.22097092,-78.961727,-2.8897088,-79.0005904,-2.9182427,2020-01-29 19:11:27,2020-01-30 14:11:29,"in_vehicle",27,23792.0014417877,68401.9440000057,2020-01-29 19:11:27,4,14,"2020-01-29",1580343087.124,1580411489.068,0,5,"N"
"imendoza",200,722242.818234025,9677246.22097092,722333.527377635,9677210.64535211,-79.0005904,-2.9182427,-78.9997741,-2.9185629,2020-01-30 14:11:29,2020-01-30 16:15:00,"walking",3,152.943782728399,7411.54399991035,2020-01-30 14:11:29,5,16,"2020-01-30",1580411489.068,1580418900.612,0,5,"N"
"imendoza",201,722333.527377635,9677210.64535211,721653.937362224,9678855.51676645,-78.9997741,-2.9185629,-79.0059117,-2.9037016,2020-01-30 16:15:00,2020-01-30 17:06:34,"walking",15,2041.13378633753,3093.70399999619,2020-01-30 16:15:00,5,17,"2020-01-30",1580418900.612,1580421994.316,0,9,"N"
"imendoza",202,721653.937362224,9678855.51676645,721288.991997493,9679003.24698874,-79.0059117,-2.9037016,-79.0091959,-2.9023717,2020-01-30 17:06:34,2020-01-30 17:31:30,"walking",4,314.598083743187,1495.89300012589,2020-01-30 17:06:34,5,17,"2020-01-30",1580421994.316,1580423490.209,0,25,"N"
"imendoza",203,721288.991997493,9679003.24698874,721664.668912947,9678843.28756178,-79.0091959,-2.9023717,-79.005815,-2.903812,2020-01-30 17:31:30,2020-01-30 18:31:32,"walking",5,485.208009541346,3601.89899992943,2020-01-30 17:31:30,5,18,"2020-01-30",1580423490.209,1580427092.108,0,9,"N"
"imendoza",204,721664.668912947,9678843.28756178,721665.370314941,9678843.76190596,-79.005815,-2.903812,-79.0058087,-2.9038077,2020-01-30 18:31:32,2020-01-30 20:44:08,"in_vehicle",3,1.15937454860071,7956.67700004578,2020-01-30 18:31:32,5,20,"2020-01-30",1580427092.108,1580435048.785,0,9,"N"
"imendoza",205,721665.370314941,9678843.76190596,726567.033935088,9680388.01245536,-79.0058087,-2.9038077,-78.9617549,-2.8897666,2020-01-30 20:44:08,2020-01-30 21:51:31,"in_vehicle",37,11823.8324598212,4042.58200001717,2020-01-30 20:44:08,5,21,"2020-01-30",1580435048.785,1580439091.367,0,124,"Y"
"imendoza",206,726567.033935088,9680388.01245536,726583.572059631,9680395.27154025,-78.9617549,-2.8897666,-78.9616063,-2.8897007,2020-01-30 21:51:31,2020-01-31 08:16:29,"walking",3,18.8582771601823,37498.1229999065,2020-01-30 21:51:31,5,8,"2020-01-30",1580439091.367,1580476589.49,0,124,"Y"
"imendoza",207,726583.572059631,9680395.27154025,722109.028420677,9677155.54497201,-78.9616063,-2.8897007,-79.0017921,-2.9190647,2020-01-31 08:16:29,2020-01-31 08:36:56,"in_vehicle",33,17948.5197126588,1227.44099998474,2020-01-31 08:16:29,6,8,"2020-01-31",1580476589.49,1580477816.931,0,24,"N"
"imendoza",208,722109.028420677,9677155.54497201,722109.608975693,9677156.84902793,-79.0017921,-2.9190647,-79.0017869,-2.9190529,2020-01-31 08:36:56,2020-01-31 10:21:32,"walking",3,1.86669666310521,6275.57299995422,2020-01-31 08:36:56,6,10,"2020-01-31",1580477816.931,1580484092.504,0,24,"N"
"imendoza",209,722109.608975693,9677156.84902793,722123.808814412,9677169.16682861,-79.0017869,-2.9190529,-79.0016594,-2.9189413,2020-01-31 10:21:32,2020-01-31 11:36:37,"walking",3,9.63523250382956,4504.8259999752,2020-01-31 10:21:32,6,11,"2020-01-31",1580484092.504,1580488597.33,0,24,"N"
"imendoza",210,722123.808814412,9677169.16682861,722333.226352408,9677210.20348435,-79.0016594,-2.9189413,-78.9997768,-2.9185669,2020-01-31 11:36:37,2020-01-31 13:31:32,"walking",4,252.968022413583,6894.9880001545,2020-01-31 11:36:37,6,13,"2020-01-31",1580488597.33,1580495492.318,0,5,"N"
"imendoza",211,722333.226352408,9677210.20348435,722115.869157453,9677150.38988793,-78.9997768,-2.9185669,-79.0017305,-2.9191112,2020-01-31 13:31:32,2020-01-31 14:08:27,"walking",4,190.105037630398,2215.14800000191,2020-01-31 13:31:32,6,14,"2020-01-31",1580495492.318,1580497707.466,0,24,"N"
"imendoza",212,722115.869157453,9677150.38988793,722109.985422157,9677155.93037384,-79.0017305,-2.9191112,-79.0017835,-2.9190612,2020-01-31 14:08:27,2020-01-31 15:36:36,"walking",3,21.4022018993306,5289.3639998436,2020-01-31 14:08:27,6,15,"2020-01-31",1580497707.466,1580502996.83,0,24,"N"
"imendoza",213,722109.985422157,9677155.93037384,722113.55606141,9677125.2765942,-79.0017835,-2.9190612,-79.0017509,-2.9193383,2020-01-31 15:36:36,2020-01-31 16:31:37,"walking",3,6.65278078353836,3300.3900001049,2020-01-31 15:36:36,6,16,"2020-01-31",1580502996.83,1580506297.22,0,24,"N"
"imendoza",214,722113.55606141,9677125.2765942,722121.097551267,9677057.66408276,-79.0017509,-2.9193383,-79.001682,-2.9199495,2020-01-31 16:31:37,2020-01-31 17:21:30,"walking",3,62.9799701651252,2992.92000007629,2020-01-31 16:31:37,6,17,"2020-01-31",1580506297.22,1580509290.14,0,10,"N"
"imendoza",215,722121.097551267,9677057.66408276,722122.840724619,9677056.16787578,-79.001682,-2.9199495,-79.0016663,-2.919963,2020-01-31 17:21:30,2020-01-31 17:46:32,"walking",3,2.43645980342408,1502.11899995804,2020-01-31 17:21:30,6,17,"2020-01-31",1580509290.14,1580510792.259,0,10,"N"
"imendoza",216,722122.840724619,9677056.16787578,722114.574843933,9677147.91473354,-79.0016663,-2.919963,-79.0017421,-2.9191336,2020-01-31 17:46:32,2020-01-31 19:26:30,"walking",5,694.178654769919,5998.30399990082,2020-01-31 17:46:32,6,19,"2020-01-31",1580510792.259,1580516790.563,0,24,"N"
"imendoza",217,722114.574843933,9677147.91473354,722097.726191886,9677078.00083556,-79.0017421,-2.9191336,-79.0018925,-2.919766,2020-01-31 19:26:30,2020-01-31 19:52:42,"walking",3,32.2553423110111,1572.27699995041,2020-01-31 19:26:30,6,19,"2020-01-31",1580516790.563,1580518362.84,0,8,"N"
"imendoza",218,722097.726191886,9677078.00083556,722094.796877135,9677075.3184461,-79.0018925,-2.919766,-79.0019188,-2.9197903,2020-01-31 19:52:42,2020-01-31 21:51:32,"walking",3,2.42426268068737,7129.64600014687,2020-01-31 19:52:42,6,21,"2020-01-31",1580518362.84,1580525492.486,0,8,"N"
"imendoza",219,722094.796877135,9677075.3184461,726565.751427552,9680385.97965549,-79.0019188,-2.9197903,-78.9617664,-2.889785,2020-01-31 21:51:32,2020-01-31 22:36:32,"in_vehicle",22,7907.04512532293,2700.19599986076,2020-01-31 21:51:32,6,22,"2020-01-31",1580525492.486,1580528192.682,0,124,"Y"
"imendoza",220,726565.751427552,9680385.97965549,721860.712545129,9678476.16838838,-78.9617664,-2.889785,-79.0040462,-2.9071282,2020-01-31 22:36:32,2020-02-01 10:31:31,"in_vehicle",25,6691.3210581798,42898.8370001316,2020-01-31 22:36:32,6,10,"2020-01-31",1580528192.682,1580571091.519,0,4,"N"
"imendoza",221,721860.712545129,9678476.16838838,726566.085339859,9680386.14496135,-79.0040462,-2.9071282,-78.9617634,-2.8897835,2020-02-01 10:31:31,2020-02-01 12:31:38,"in_vehicle",23,5921.23670767581,7207.29399991035,2020-02-01 10:31:31,7,12,"2020-02-01",1580571091.519,1580578298.813,0,124,"Y"
"imendoza",222,726566.085339859,9680386.14496135,723626.218029135,9680629.32251043,-78.9617634,-2.8897835,-78.9882039,-2.8876322,2020-02-01 12:31:38,2020-02-01 14:36:40,"in_vehicle",20,5718.13731748516,7501.64400005341,2020-02-01 12:31:38,7,14,"2020-02-01",1580578298.813,1580585800.457,0,25,"N"
"imendoza",223,723626.218029135,9680629.32251043,726566.116954988,9680385.17159546,-78.9882039,-2.8876322,-78.9617631,-2.8897923,2020-02-01 14:36:40,2020-02-01 16:18:01,"in_vehicle",41,3780.40975584207,6081.36100006104,2020-02-01 14:36:40,7,16,"2020-02-01",1580585800.457,1580591881.818,0,124,"Y"
"imendoza",224,726566.116954988,9680385.17159546,726564.148132541,9680384.89861969,-78.9617631,-2.8897923,-78.9617808,-2.8897948,2020-02-01 16:18:01,2020-02-01 16:31:34,"walking",3,1.77990660560222,812.914999961853,2020-02-01 16:18:01,7,16,"2020-02-01",1580591881.818,1580592694.733,0,124,"Y"
"imendoza",225,726564.148132541,9680384.89861969,726565.729265954,9680386.02393658,-78.9617808,-2.8897948,-78.9617666,-2.8897846,2020-02-01 16:31:34,2020-02-01 16:56:36,"walking",3,3.34296395289435,1502.14999985695,2020-02-01 16:31:34,7,16,"2020-02-01",1580592694.733,1580594196.883,0,124,"Y"
"imendoza",226,726565.729265954,9680386.02393658,726565.162240143,9680386.09131594,-78.9617666,-2.8897846,-78.9617717,-2.889784,2020-02-01 16:56:36,2020-02-01 17:26:34,"walking",3,0.214620284802969,1797.99100017548,2020-02-01 16:56:36,7,17,"2020-02-01",1580594196.883,1580595994.874,0,124,"Y"
"imendoza",227,726565.162240143,9680386.09131594,726565.416681772,9680385.34981721,-78.9617717,-2.889784,-78.9617694,-2.8897907,2020-02-01 17:26:34,2020-02-01 19:31:37,"walking",3,0.74859256940372,7502.51300001144,2020-02-01 17:26:34,7,19,"2020-02-01",1580595994.874,1580603497.387,0,124,"Y"
"imendoza",228,726565.416681772,9680385.34981721,726565.206345047,9680385.88109051,-78.9617694,-2.8897907,-78.9617713,-2.8897859,2020-02-01 19:31:37,2020-02-01 23:51:40,"walking",3,2.01431540384973,15603.4010000229,2020-02-01 19:31:37,7,23,"2020-02-01",1580603497.387,1580619100.788,0,124,"Y"
"imendoza",229,726565.206345047,9680385.88109051,719852.209053041,9679596.86514224,-78.9617713,-2.8897859,-79.0221259,-2.8970272,2020-02-01 23:51:40,2020-02-02 13:21:47,"in_vehicle",26,8364.3271405162,48606.7139999866,2020-02-01 23:51:40,7,13,"2020-02-01",1580619100.788,1580667707.502,0,2,"N"
"imendoza",230,719852.209053041,9679596.86514224,721666.459826158,9678843.6162037,-79.0221259,-2.8970272,-79.0057989,-2.903809,2020-02-02 13:21:47,2020-02-02 14:21:40,"in_vehicle",20,8474.27380097258,3592.84799981117,2020-02-02 13:21:47,1,14,"2020-02-02",1580667707.502,1580671300.35,0,9,"N"
"imendoza",231,721666.459826158,9678843.6162037,721661.467021542,9678837.37609224,-79.0057989,-2.903809,-79.0058437,-2.9038655,2020-02-02 14:21:40,2020-02-02 16:06:41,"walking",3,11.3660851392845,6301.6320002079,2020-02-02 14:21:40,1,16,"2020-02-02",1580671300.35,1580677601.982,0,9,"N"
"imendoza",232,721661.467021542,9678837.37609224,721674.368112909,9678844.69719698,-79.0058437,-2.9038655,-79.0057278,-2.9037991,2020-02-02 16:06:41,2020-02-02 17:16:42,"walking",3,10.4101532009545,4200.03799986839,2020-02-02 16:06:41,1,17,"2020-02-02",1580677601.982,1580681802.02,0,9,"N"
"imendoza",233,721674.368112909,9678844.69719698,726566.075727565,9680386.98556378,-79.0057278,-2.9037991,-78.9617635,-2.8897759,2020-02-02 17:16:42,2020-02-02 18:46:43,"in_vehicle",29,14767.5894779953,5401.73600006104,2020-02-02 17:16:42,1,18,"2020-02-02",1580681802.02,1580687203.756,0,124,"Y"
"imendoza",234,726566.075727565,9680386.98556378,726565.02966745,9680386.57820838,-78.9617635,-2.8897759,-78.9617729,-2.8897796,2020-02-02 18:46:43,2020-02-02 19:40:18,"walking",3,0.697047703426187,3214.45899987221,2020-02-02 18:46:43,1,19,"2020-02-02",1580687203.756,1580690418.215,0,124,"Y"
"imendoza",235,726565.02966745,9680386.57820838,726566.332471176,9680387.52705936,-78.9617729,-2.8897796,-78.9617612,-2.889771,2020-02-02 19:40:18,2020-02-02 20:10:43,"in_vehicle",3,0.794752652051423,1824.992000103,2020-02-02 19:40:18,1,20,"2020-02-02",1580690418.215,1580692243.207,0,124,"Y"
"imendoza",236,726566.332471176,9680387.52705936,726566.210165652,9680387.53833913,-78.9617612,-2.889771,-78.9617623,-2.8897709,2020-02-02 20:10:43,2020-02-02 20:35:19,"walking",3,1.1528375702994,1476.10899996758,2020-02-02 20:10:43,1,20,"2020-02-02",1580692243.207,1580693719.316,0,124,"Y"
"imendoza",237,726566.210165652,9680387.53833913,722110.198233555,9677156.79268064,-78.9617623,-2.8897709,-79.0017816,-2.9190534,2020-02-02 20:35:19,2020-02-03 16:00:17,"in_vehicle",16,6000.05188182554,69897.9690001011,2020-02-02 20:35:19,1,16,"2020-02-02",1580693719.316,1580763617.285,0,24,"N"
"imendoza",238,722110.198233555,9677156.79268064,722109.478177613,9677133.30238614,-79.0017816,-2.9190534,-79.0017877,-2.9192658,2020-02-03 16:00:17,2020-02-03 16:35:18,"walking",3,20.9901456200781,2101.58599996567,2020-02-03 16:00:17,2,16,"2020-02-03",1580763617.285,1580765718.871,0,24,"N"
"imendoza",239,722109.478177613,9677133.30238614,722305.766504923,9677182.59106471,-79.0017877,-2.9192658,-79.0000233,-2.918817,2020-02-03 16:35:18,2020-02-03 17:41:49,"walking",4,254.65880733756,3990.20799994469,2020-02-03 16:35:18,2,17,"2020-02-03",1580765718.871,1580769709.079,0,25,"N"
"imendoza",240,722305.766504923,9677182.59106471,722332.85242412,9677212.53782544,-79.0000233,-2.918817,-78.9997802,-2.9185458,2020-02-03 17:41:49,2020-02-03 17:55:18,"walking",3,12.9832865411489,809.43499994278,2020-02-03 17:41:49,2,17,"2020-02-03",1580769709.079,1580770518.514,0,5,"N"
"imendoza",241,722332.85242412,9677212.53782544,719858.832793224,9679588.31532122,-78.9997802,-2.9185458,-79.0220662,-2.8971044,2020-02-03 17:55:18,2020-02-03 19:14:44,"in_vehicle",54,20894.0615210422,4766.36600017548,2020-02-03 17:55:18,2,19,"2020-02-03",1580770518.514,1580775284.88,0,2,"N"
"imendoza",242,719858.832793224,9679588.31532122,726566.787002214,9680386.7409603,-79.0220662,-2.8971044,-78.9617571,-2.8897781,2020-02-03 19:14:44,2020-02-03 20:10:18,"in_vehicle",25,8780.72156570939,3333.74499988556,2020-02-03 19:14:44,2,20,"2020-02-03",1580775284.88,1580778618.625,0,124,"Y"
"imendoza",243,726566.787002214,9680386.7409603,726564.937806235,9680384.96356483,-78.9617571,-2.8897781,-78.9617737,-2.8897942,2020-02-03 20:10:18,2020-02-03 21:09:01,"in_vehicle",3,5.62462990267034,3522.39100003242,2020-02-03 20:10:18,2,21,"2020-02-03",1580778618.625,1580782141.016,0,124,"Y"
"imendoza",244,726564.937806235,9680384.96356483,721664.543217326,9678841.37439783,-78.9617737,-2.8897942,-79.0058161,-2.9038293,2020-02-03 21:09:01,2020-02-04 09:10:23,"in_vehicle",35,9099.21098934678,43282.6150000095,2020-02-03 21:09:01,2,9,"2020-02-03",1580782141.016,1580825423.631,0,9,"N"
"imendoza",245,721664.543217326,9678841.37439783,721663.999544489,9678842.06107887,-79.0058161,-2.9038293,-79.005821,-2.9038231,2020-02-04 09:10:23,2020-02-04 11:30:23,"walking",3,0.919436304116302,8400.15199995041,2020-02-04 09:10:23,3,11,"2020-02-04",1580825423.631,1580833823.783,0,9,"N"
